date,medium
2021-01-01,0.31083333333333335
2021-01-02,-1.6708333333333334
2021-01-03,0.39666666666666667
2021-01-04,1.4116666666666668
2021-01-05,6.535
2021-01-06,7.384166666666666
2021-01-07,8.442916666666667
2021-01-08,3.775
2021-01-09,6.329166666666667
2021-01-10,7.673749999999999
2021-01-11,6.718333333333334
2021-01-12,5.14
2021-01-13,2.47625
2021-01-14,3.48375
2021-01-15,6.172916666666667
2021-01-16,7.302916666666667
2021-01-17,7.602083333333333
2021-01-18,10.5475
2021-01-19,12.314583333333333
2021-01-20,9.139583333333333
2021-01-21,7.241666666666667
2021-01-22,7.074166666666667
2021-01-23,2.0708333333333333
2021-01-24,4.014583333333333
2021-01-25,4.597916666666666
2021-01-26,2.24375
2021-01-27,3.7304166666666667
2021-01-28,3.1808333333333336
2021-01-29,2.577916666666667
2021-01-30,3.3929166666666664
2021-01-31,2.714166666666667
2021-02-01,8.30875
2021-02-02,2.7112499999999997
2021-02-03,0.6483333333333333
2021-02-04,3.8579166666666667
2021-02-05,6.480416666666667
2021-02-06,10.032083333333334
2021-02-07,4.882083333333333
2021-02-08,3.0537500000000004
2021-02-09,3.1437500000000003
2021-02-10,2.8166666666666664
2021-02-11,3.11875
2021-02-12,2.8691666666666666
2021-02-13,1.772916666666667
2021-02-14,1.1270833333333334
2021-02-15,0.5579166666666667
2021-02-16,0.16833333333333336
2021-02-17,-0.19958333333333336
2021-02-18,0.8900000000000001
2021-02-19,2.34125
2021-02-20,4.734166666666667
2021-02-21,8.0625
2021-02-22,9.138333333333334
2021-02-23,10.348333333333334
2021-02-24,10.189166666666667
2021-02-25,9.424166666666666
2021-02-26,10.31125
2021-02-27,8.985416666666667
2021-02-28,6.980416666666667
2021-03-01,11.94625
2021-03-02,11.309583333333334
2021-03-03,8.922916666666667
2021-03-04,3.1983333333333337
2021-03-05,1.6912500000000001
2021-03-06,0.44541666666666674
2021-03-07,2.4025
2021-03-08,5.039583333333334
2021-03-09,6.769583333333333
2021-03-10,8.832916666666668
2021-03-11,9.10375
2021-03-12,10.732083333333334
2021-03-13,8.272083333333333
2021-03-14,11.077083333333334
2021-03-15,11.169583333333334
2021-03-16,10.456666666666667
2021-03-17,7.040833333333333
2021-03-18,3.629583333333333
2021-03-19,2.3833333333333333
2021-03-20,3.285
2021-03-21,3.3558333333333334
2021-03-22,3.1979166666666665
2021-03-23,1.13625
2021-03-24,0.1908333333333333
2021-03-25,2.1054166666666667
2021-03-26,4.872083333333333
2021-03-27,5.397083333333334
2021-03-28,7.483333333333333
2021-03-29,9.857916666666666
2021-03-30,12.849583333333333
2021-03-31,9.527083333333334
2021-04-01,10.898333333333333
2021-04-02,10.89875
2021-04-03,8.439583333333333
2021-04-04,8.159583333333332
2021-04-05,9.19125
2021-04-06,5.951250000000001
2021-04-07,3.060833333333333
2021-04-08,3.7108333333333334
2021-04-09,8.389166666666666
2021-04-10,10.349166666666667
2021-04-11,9.64
2021-04-12,8.68
2021-04-13,10.746666666666668
2021-04-14,8.257916666666667
2021-04-15,6.9695833333333335
2021-04-16,5.4125000000000005
2021-04-17,6.37375
2021-04-18,11.60375
2021-04-19,11.975416666666668
2021-04-20,11.989583333333334
2021-04-21,10.700416666666667
2021-04-22,11.007916666666667
2021-04-23,12.460833333333333
2021-04-24,14.61625
2021-04-25,13.380833333333333
2021-04-26,13.3075
2021-04-27,15.1025
2021-04-28,14.267083333333332
2021-04-29,12.196666666666667
2021-04-30,10.2825
2021-05-01,12.034999999999998
2021-05-02,14.628749999999998
2021-05-03,15.245416666666666
2021-05-04,16.300416666666667
2021-05-05,16.02541666666667
2021-05-06,16.57875
2021-05-07,16.82375
2021-05-08,17.426666666666666
2021-05-09,18.2375
2021-05-10,19.174166666666668
2021-05-11,17.114166666666666
2021-05-12,17.350416666666668
2021-05-13,18.552916666666665
2021-05-14,19.132916666666667
2021-05-15,17.314583333333335
2021-05-16,18.69125
2021-05-17,16.092916666666667
2021-05-18,15.0225
2021-05-19,14.674166666666666
2021-05-20,14.940416666666666
2021-05-21,12.770416666666668
2021-05-22,14.052083333333334
2021-05-23,16.199583333333333
2021-05-24,17.094166666666666
2021-05-25,19.763749999999998
2021-05-26,20.411666666666665
2021-05-27,23.07375
2021-05-28,22.510833333333334
2021-05-29,21.575833333333332
2021-05-30,20.57875
2021-05-31,18.392916666666668
2021-06-01,19.83375
2021-06-02,19.59541666666667
2021-06-03,18.738333333333333
2021-06-04,16.622916666666665
2021-06-05,16.295833333333334
2021-06-06,15.066249999999998
2021-06-07,14.072083333333333
2021-06-08,17.260833333333334
2021-06-09,19.074583333333333
2021-06-10,20.27875
2021-06-11,19.00875
2021-06-12,16.980833333333333
2021-06-13,13.665416666666667
2021-06-14,14.45375
2021-06-15,12.900416666666667
2021-06-16,14.802916666666667
2021-06-17,16.04125
2021-06-18,19.054166666666667
2021-06-19,20.320416666666667
2021-06-20,21.565416666666664
2021-06-21,23.274583333333336
2021-06-22,25.971249999999998
2021-06-23,25.252499999999998
2021-06-24,23.765416666666667
2021-06-25,24.688333333333333
2021-06-26,22.215
2021-06-27,22.083333333333332
2021-06-28,22.455833333333334
2021-06-29,24.45375
2021-06-30,23.870833333333334
2021-07-01,25.234583333333333
2021-07-02,26.839166666666667
2021-07-03,20.5375
2021-07-04,19.52875
2021-07-05,22.412499999999998
2021-07-06,19.74
2021-07-07,18.842499999999998
2021-07-08,18.402916666666666
2021-07-09,20.144166666666667
2021-07-10,23.574583333333333
2021-07-11,22.971666666666668
2021-07-12,19.629166666666666
2021-07-13,17.223333333333333
2021-07-14,17.785
2021-07-15,19.995
2021-07-16,22.080833333333334
2021-07-17,19.10875
2021-07-18,19.88083333333333
2021-07-19,21.697083333333335
2021-07-20,21.1825
2021-07-21,17.62375
2021-07-22,17.222916666666666
2021-07-23,19.021666666666665
2021-07-24,21.014583333333334
2021-07-25,23.013333333333335
2021-07-26,23.715
2021-07-27,23.595
2021-07-28,25.18875
2021-07-29,25.332916666666666
2021-07-30,25.251666666666665
2021-07-31,26.65125
2021-08-01,23.17833333333333
2021-08-02,22.910833333333333
2021-08-03,24.49416666666667
2021-08-04,22.6125
2021-08-05,22.880416666666665
2021-08-06,24.439166666666665
2021-08-07,24.299583333333334
2021-08-08,19.979583333333334
2021-08-09,20.8275
2021-08-10,21.684583333333332
2021-08-11,21.784166666666668
2021-08-12,19.454583333333336
2021-08-13,19.468333333333334
2021-08-14,19.267083333333332
2021-08-15,16.192916666666665
2021-08-16,17.766666666666666
2021-08-17,18.562083333333334
2021-08-18,22.349999999999998
2021-08-19,20.878333333333334
2021-08-20,18.824583333333333
2021-08-21,18.992083333333333
2021-08-22,17.97791666666667
2021-08-23,17.31125
2021-08-24,17.2725
2021-08-25,19.994583333333335
2021-08-26,20.9375
2021-08-27,21.527916666666666
2021-08-28,20.855833333333333
2021-08-29,19.98125
2021-08-30,21.572083333333335
2021-08-31,23.39708333333333
2021-09-01,20.5075
2021-09-02,20.457083333333333
2021-09-03,20.1525
2021-09-04,17.406666666666666
2021-09-05,20.399583333333332
2021-09-06,17.701666666666664
2021-09-07,17.062916666666666
2021-09-08,17.330416666666668
2021-09-09,18.842916666666667
2021-09-10,20.166666666666668
2021-09-11,19.91125
2021-09-12,17.090833333333332
2021-09-13,14.073333333333332
2021-09-14,12.066250000000002
2021-09-15,10.544583333333334
2021-09-16,10.794166666666667
2021-09-17,9.404166666666667
2021-09-18,10.796666666666667
2021-09-19,13.808750000000002
2021-09-20,12.415416666666665
2021-09-21,10.1525
2021-09-22,10.768333333333333
2021-09-23,11.105416666666665
2021-09-24,11.199583333333335
2021-09-25,12.549166666666666
2021-09-26,12.832916666666668
2021-09-27,11.60125
2021-09-28,10.252083333333333
2021-09-29,12.255
2021-09-30,12.743333333333332
2021-10-01,14.339166666666666
2021-10-02,12.620833333333332
2021-10-03,9.397916666666667
2021-10-04,8.337083333333334
2021-10-05,10.772083333333333
2021-10-06,15.758333333333333
2021-10-07,15.746666666666668
2021-10-08,15.972916666666668
2021-10-09,14.66375
2021-10-10,14.834166666666667
2021-10-11,14.063749999999999
2021-10-12,14.504583333333334
2021-10-13,15.717916666666667
2021-10-14,16.998749999999998
2021-10-15,16.708333333333332
2021-10-16,14.27875
2021-10-17,9.216666666666667
2021-10-18,8.414583333333333
2021-10-19,9.552083333333334
2021-10-20,13.629583333333334
2021-10-21,15.70375
2021-10-22,8.670416666666666
2021-10-23,7.730416666666667
2021-10-24,8.225416666666666
2021-10-25,7.322500000000001
2021-10-26,8.975833333333332
2021-10-27,11.106250000000001
2021-10-28,8.905416666666666
2021-10-29,5.527083333333334
2021-10-30,4.55
2021-10-31,5.15125
2021-11-01,6.96
2021-11-02,8.6925
2021-11-03,11.0525
2021-11-04,10.8525
2021-11-05,10.82125
2021-11-06,9.210416666666667
2021-11-07,9.69
2021-11-08,9.072083333333333
2021-11-09,11.024583333333332
2021-11-10,13.554166666666667
2021-11-11,10.511666666666667
2021-11-12,8.8425
2021-11-13,7.202916666666667
2021-11-14,5.578749999999999
2021-11-15,4.6658333333333335
2021-11-16,6.68
2021-11-17,7.08125
2021-11-18,6.62875
2021-11-19,8.161666666666667
2021-11-20,8.827499999999999
2021-11-21,8.027083333333334
2021-11-22,2.762916666666667
2021-11-23,1.7529166666666667
2021-11-24,3.9883333333333333
2021-11-25,2.0220833333333332
2021-11-26,0.9945833333333334
2021-11-27,-0.8475
2021-11-28,-0.8754166666666667
2021-11-29,1.5258333333333332
2021-11-30,3.8304166666666664
2021-12-01,3.1616666666666666
2021-12-02,4.03
2021-12-03,4.901666666666666
2021-12-04,7.0129166666666665
2021-12-05,8.0175
2021-12-06,6.3495833333333325
2021-12-07,4.2058333333333335
2021-12-08,1.22625
2021-12-09,2.2820833333333335
2021-12-10,2.1645833333333333
2021-12-11,1.8266666666666669
2021-12-12,0.8141666666666666
2021-12-13,0.14583333333333331
2021-12-14,-0.84375
2021-12-15,0.36125
2021-12-16,0.6337499999999999
2021-12-17,1.0370833333333334
2021-12-18,1.7595833333333333
2021-12-19,4.2058333333333335
2021-12-20,6.079166666666667
2021-12-21,8.5275
2021-12-22,7.9375
2021-12-23,5.2875000000000005
2021-12-24,2.5145833333333334
2021-12-25,4.7375
2021-12-26,1.1879166666666667
2021-12-27,-0.6716666666666667
2021-12-28,-1.6945833333333333
2021-12-29,-2.7745833333333336
2021-12-30,-2.07375
2021-12-31,0.7270833333333333
2022-01-01,2.73625
2022-01-02,4.650416666666667
2022-01-03,8.395
2022-01-04,11.077916666666667
2022-01-05,10.64875
2022-01-06,7.56375
2022-01-07,9.145
2022-01-08,8.178333333333333
2022-01-09,5.071666666666666
2022-01-10,2.4995833333333333
2022-01-11,1.5370833333333334
2022-01-12,-1.8462500000000002
2022-01-13,2.0925
2022-01-14,4.723333333333334
2022-01-15,5.267083333333333
2022-01-16,8.102916666666667
2022-01-17,6.53
2022-01-18,5.66125
2022-01-19,4.312083333333333
2022-01-20,3.732083333333333
2022-01-21,4.2875
2022-01-22,3.3945833333333333
2022-01-23,1.8720833333333333
2022-01-24,3.14625
2022-01-25,7.656666666666666
2022-01-26,8.507083333333332
2022-01-27,4.710416666666666
2022-01-28,5.10625
2022-01-29,2.1670833333333333
2022-01-30,-1.85875
2022-01-31,-2.1891666666666665
2022-02-01,-2.05375
2022-02-02,1.1579166666666667
2022-02-03,3.3545833333333337
2022-02-04,5.654583333333334
2022-02-05,6.329999999999999
2022-02-06,3.5745833333333334
2022-02-07,2.904583333333333
2022-02-08,0.4808333333333333
2022-02-09,-0.2625
2022-02-10,-3.481666666666667
2022-02-11,-5.052083333333333
2022-02-12,-9.833333333333334
2022-02-13,-8.160833333333333
2022-02-14,-4.44625
2022-02-15,-3.379583333333333
2022-02-16,2.3008333333333333
2022-02-17,2.8645833333333335
2022-02-18,4.074583333333333
2022-02-19,7.3875
2022-02-20,8.835833333333333
2022-02-21,8.095
2022-02-22,4.420833333333333
2022-02-23,2.7758333333333334
2022-02-24,2.72
2022-02-25,2.0825
2022-02-26,3.9279166666666665
2022-02-27,7.510416666666667
2022-02-28,6.895416666666667
2022-03-01,6.260416666666667
2022-03-02,10.083333333333334
2022-03-03,10.328333333333333
2022-03-04,5.047916666666667
2022-03-05,4.653333333333333
2022-03-06,3.93125
2022-03-07,3.5075000000000003
2022-03-08,4.12875
2022-03-09,9.71125
2022-03-10,10.35125
2022-03-11,9.379583333333333
2022-03-12,10.425
2022-03-13,12.098333333333334
2022-03-14,12.33375
2022-03-15,10.367083333333333
2022-03-16,8.779583333333333
2022-03-17,5.671250000000001
2022-03-18,5.344166666666666
2022-03-19,5.12875
2022-03-20,5.644583333333333
2022-03-21,6.30375
2022-03-22,5.737916666666667
2022-03-23,5.200833333333333
2022-03-24,10.18875
2022-03-25,10.876249999999999
2022-03-26,11.485833333333334
2022-03-27,6.537916666666667
2022-03-28,5.175833333333333
2022-03-29,7.146249999999999
2022-03-30,9.12125
2022-03-31,9.559166666666666
2022-04-01,11.697916666666666
2022-04-02,12.551666666666668
2022-04-03,13.577083333333334
2022-04-04,13.319166666666668
2022-04-05,12.857083333333334
2022-04-06,15.584166666666667
2022-04-07,11.087916666666667
2022-04-08,9.314166666666667
2022-04-09,10.345
2022-04-10,11.851666666666667
2022-04-11,10.04875
2022-04-12,7.789583333333333
2022-04-13,7.723333333333334
2022-04-14,9.696666666666667
2022-04-15,4.522916666666666
2022-04-16,5.26875
2022-04-17,6.589166666666666
2022-04-18,5.524583333333333
2022-04-19,5.364999999999999
2022-04-20,8.290416666666667
2022-04-21,12.042916666666665
2022-04-22,12.79625
2022-04-23,11.744583333333333
2022-04-24,10.765416666666667
2022-04-25,12.661666666666667
2022-04-26,13.78625
2022-04-27,14.332500000000001
2022-04-28,14.155833333333334
2022-04-29,16.420416666666664
2022-04-30,14.872083333333334
2022-05-01,16.23875
2022-05-02,16.34958333333333
2022-05-03,18.318749999999998
2022-05-04,17.84208333333333
2022-05-05,17.216666666666665
2022-05-06,17.563333333333333
2022-05-07,18.076249999999998
2022-05-08,15.545
2022-05-09,15.805
2022-05-10,17.457083333333333
2022-05-11,16.05333333333333
2022-05-12,16.39625
2022-05-13,16.027916666666666
2022-05-14,14.871250000000002
2022-05-15,14.295
2022-05-16,13.019166666666665
2022-05-17,12.114166666666668
2022-05-18,15.034166666666666
2022-05-19,13.003749999999998
2022-05-20,13.325416666666667
2022-05-21,14.975416666666668
2022-05-22,14.380833333333333
2022-05-23,14.396666666666667
2022-05-24,17.75375
2022-05-25,18.372916666666665
2022-05-26,19.073333333333334
2022-05-27,22.33666666666667
2022-05-28,21.40833333333333
2022-05-29,23.012916666666666
2022-05-30,23.810000000000002
2022-05-31,22.41416666666667
2022-06-01,23.173333333333332
2022-06-02,21.59875
2022-06-03,19.32125
2022-06-04,16.23125
2022-06-05,14.206249999999999
2022-06-06,13.749583333333334
2022-06-07,16.75375
2022-06-08,14.963333333333333
2022-06-09,15.975
2022-06-10,15.47625
2022-06-11,16.395416666666666
2022-06-12,17.020833333333332
2022-06-13,17.799583333333334
2022-06-14,15.596666666666666
2022-06-15,18.727083333333333
2022-06-16,18.773333333333333
2022-06-17,20.297083333333333
2022-06-18,17.8775
2022-06-19,15.810833333333333
2022-06-20,17.46291666666667
2022-06-21,14.027916666666668
2022-06-22,12.94625
2022-06-23,15.454583333333334
2022-06-24,18.002083333333335
2022-06-25,19.332083333333333
2022-06-26,18.225416666666664
2022-06-27,19.629166666666666
2022-06-28,16.8525
2022-06-29,18.848333333333333
2022-06-30,19.195416666666667
2022-07-01,21.017500000000002
2022-07-02,23.052916666666665
2022-07-03,25.855416666666667
2022-07-04,27.457916666666666
2022-07-05,24.019583333333333
2022-07-06,19.106666666666666
2022-07-07,18.764166666666664
2022-07-08,19.170416666666664
2022-07-09,19.642500000000002
2022-07-10,20.25125
2022-07-11,21.83666666666667
2022-07-12,22.00583333333333
2022-07-13,22.168333333333333
2022-07-14,20.7775
2022-07-15,19.640416666666667
2022-07-16,19.937916666666666
2022-07-17,21.598333333333333
2022-07-18,24.3925
2022-07-19,24.094583333333333
2022-07-20,23.34583333333333
2022-07-21,22.72083333333333
2022-07-22,18.280833333333334
2022-07-23,16.0725
2022-07-24,17.59541666666667
2022-07-25,20.400000000000002
2022-07-26,22.18166666666667
2022-07-27,23.6875
2022-07-28,22.239166666666666
2022-07-29,22.680833333333336
2022-07-30,22.076666666666668
2022-07-31,21.845416666666665
2022-08-01,22.848333333333333
2022-08-02,23.900000000000002
2022-08-03,20.84375
2022-08-04,22.651666666666667
2022-08-05,24.089583333333334
2022-08-06,24.942083333333333
2022-08-07,22.81041666666667
2022-08-08,23.463333333333335
2022-08-09,23.72791666666667
2022-08-10,21.236250000000002
2022-08-11,19.500833333333333
2022-08-12,18.00916666666667
2022-08-13,18.685416666666665
2022-08-14,18.631249999999998
2022-08-15,19.479583333333334
2022-08-16,17.74
2022-08-17,18.410416666666666
2022-08-18,18.96375
2022-08-19,18.695
2022-08-20,18.137083333333333
2022-08-21,17.929166666666667
2022-08-22,18.505416666666665
2022-08-23,19.112083333333334
2022-08-24,21.461250000000003
2022-08-25,24.319999999999997
2022-08-26,23.239583333333332
2022-08-27,22.962083333333336
2022-08-28,20.74833333333333
2022-08-29,19.485
2022-08-30,19.22875
2022-08-31,19.79625
2022-09-01,19.02125
2022-09-02,18.7775
2022-09-03,18.841666666666665
2022-09-04,19.106666666666666
2022-09-05,19.649583333333336
2022-09-06,18.760416666666668
2022-09-07,20.34875
2022-09-08,20.90458333333333
2022-09-09,20.998749999999998
2022-09-10,21.250833333333333
2022-09-11,21.807083333333335
2022-09-12,22.875833333333333
2022-09-13,22.705
2022-09-14,22.105833333333333
2022-09-15,20.590416666666666
2022-09-16,17.125
2022-09-17,16.880416666666665
2022-09-18,16.474166666666665
2022-09-19,17.675
2022-09-20,16.939583333333335
2022-09-21,16.374166666666667
2022-09-22,19.215833333333332
2022-09-23,19.602083333333333
2022-09-24,20.062083333333334
2022-09-25,18.22125
2022-09-26,16.57
2022-09-27,16.80125
2022-09-28,16.01
2022-09-29,16.067916666666665
2022-09-30,15.345833333333333
2022-10-01,14.315833333333332
2022-10-02,15.647916666666667
2022-10-03,12.0775
2022-10-04,10.023333333333333
2022-10-05,8.805833333333334
2022-10-06,8.432916666666666
2022-10-07,8.291666666666666
2022-10-08,9.7875
2022-10-09,12.9075
2022-10-10,13.503333333333332
2022-10-11,13.106666666666667
2022-10-12,12.499166666666667
2022-10-13,11.299999999999999
2022-10-14,10.751666666666667
2022-10-15,9.108749999999999
2022-10-16,8.615416666666667
2022-10-17,6.5874999999999995
2022-10-18,4.885833333333333
2022-10-19,4.66375
2022-10-20,8.899166666666668
2022-10-21,9.09625
2022-10-22,11.322916666666666
2022-10-23,12.659999999999998
2022-10-24,10.512916666666667
2022-10-25,10.462083333333334
2022-10-26,11.472083333333332
2022-10-27,10.844583333333333
2022-10-28,12.554583333333333
2022-10-29,14.462083333333332
2022-10-30,15.422916666666666
2022-10-31,12.570833333333333
2022-11-01,11.200416666666667
2022-11-02,13.840833333333334
2022-11-03,9.787083333333333
2022-11-04,7.465833333333333
2022-11-05,10.124166666666666
2022-11-06,9.26125
2022-11-07,6.515416666666667
2022-11-08,7.964583333333334
2022-11-09,7.658333333333334
2022-11-10,6.635833333333333
2022-11-11,5.447500000000001
2022-11-12,3.715
2022-11-13,2.2729166666666667
2022-11-14,3.1325
2022-11-15,3.6420833333333333
2022-11-16,2.6925000000000003
2022-11-17,1.8195833333333333
2022-11-18,2.3787499999999997
2022-11-19,1.4495833333333332
2022-11-20,-0.10250000000000002
2022-11-21,-1.9354166666666668
2022-11-22,-0.4070833333333333
2022-11-23,1.4054166666666665
2022-11-24,2.9254166666666666
2022-11-25,2.0733333333333333
2022-11-26,1.4825
2022-11-27,3.98
2022-11-28,3.185
2022-11-29,3.12625
2022-11-30,2.674583333333333
2022-12-01,5.534166666666667
2022-12-02,8.394166666666667
2022-12-03,7.094166666666666
2022-12-04,8.13625
2022-12-05,3.2220833333333334
2022-12-06,1.3933333333333333
2022-12-07,5.12125
2022-12-08,9.269583333333333
2022-12-09,9.150833333333333
2022-12-10,6.8812500000000005
2022-12-11,7.219166666666666
2022-12-12,10.372083333333334
2022-12-13,6.278333333333333
2022-12-14,5.920000000000001
2022-12-15,2.1191666666666666
2022-12-16,-0.5720833333333334
2022-12-17,0.04458333333333334
2022-12-18,7.5058333333333325
2022-12-19,6.103333333333333
2022-12-20,0.32625
2022-12-21,-0.5750000000000001
2022-12-22,-1.6512499999999999
2022-12-23,1.7529166666666667
2022-12-24,5.45
2022-12-25,9.531666666666666
2022-12-26,9.071250000000001
2022-12-27,5.735416666666667
2022-12-28,3.0204166666666663
2022-12-29,2.53
2022-12-30,1.7058333333333333
2022-12-31,2.0158333333333336
2023-01-01,1.19625
2023-01-02,5.854583333333333
2023-01-03,6.90375
2023-01-04,6.447500000000001
2023-01-05,9.340416666666668
2023-01-06,8.577916666666667
2023-01-07,5.263333333333333
2023-01-08,4.40875
2023-01-09,1.96
2023-01-10,4.9525
2023-01-11,6.6120833333333335
2023-01-12,4.493333333333333
2023-01-13,0.67875
2023-01-14,-1.2
2023-01-15,-2.47625
2023-01-16,-1.3304166666666666
2023-01-17,-0.30624999999999997
2023-01-18,1.4416666666666667
2023-01-19,2.5975
2023-01-20,3.7633333333333336
2023-01-21,1.5266666666666666
2023-01-22,5.277916666666667
2023-01-23,8.855
2023-01-24,8.59875
2023-01-25,5.805416666666667
2023-01-26,5.578749999999999
2023-01-27,5.077083333333333
2023-01-28,3.06625
2023-01-29,2.0770833333333334
2023-01-30,2.6095833333333336
2023-01-31,1.16625
2023-02-01,0.66125
2023-02-02,0.6479166666666667
2023-02-03,5.614999999999999
2023-02-04,10.309166666666666
2023-02-05,11.0675
2023-02-06,12.415416666666667
2023-02-07,11.039583333333333
2023-02-08,9.891666666666667
2023-02-09,6.640000000000001
2023-02-10,3.516666666666666
2023-02-11,4.999583333333333
2023-02-12,8.06
2023-02-13,8.87
2023-02-14,5.148750000000001
2023-02-15,4.2124999999999995
2023-02-16,4.991666666666666
2023-02-17,4.13375
2023-02-18,4.108333333333333
2023-02-19,3.3558333333333334
2023-02-20,3.5391666666666666
2023-02-21,4.814583333333333
2023-02-22,6.364166666666667
2023-02-23,5.704166666666667
2023-02-24,1.5925
2023-02-25,-0.3779166666666667
2023-02-26,-0.12541666666666665
2023-02-27,1.7495833333333335
2023-02-28,2.5404166666666668
2023-03-01,3.1325000000000003
2023-03-02,3.7570833333333336
2023-03-03,2.03125
2023-03-04,6.8116666666666665
2023-03-05,6.079583333333333
2023-03-06,4.442083333333334
2023-03-07,7.38625
2023-03-08,9.755833333333333
2023-03-09,10.079583333333334
2023-03-10,10.470416666666667
2023-03-11,12.496250000000002
2023-03-12,11.625833333333333
2023-03-13,7.952916666666667
2023-03-14,6.995833333333334
2023-03-15,10.053333333333333
2023-03-16,12.206249999999999
2023-03-17,10.545416666666666
2023-03-18,11.008333333333333
2023-03-19,7.1504166666666675
2023-03-20,5.812916666666666
2023-03-21,11.83375
2023-03-22,12.132083333333334
2023-03-23,13.4675
2023-03-24,14.32
2023-03-25,11.272083333333333
2023-03-26,6.6258333333333335
2023-03-27,6.888333333333333
2023-03-28,9.47375
2023-03-29,9.23375
2023-03-30,8.126666666666667
2023-03-31,8.955416666666666
2023-04-01,11.741666666666667
2023-04-02,14.48625
2023-04-03,12.77125
2023-04-04,10.398333333333333
2023-04-05,8.7075
2023-04-06,11.935833333333333
2023-04-07,10.072916666666666
2023-04-08,8.664583333333333
2023-04-09,8.377083333333333
2023-04-10,9.606666666666667
2023-04-11,8.815416666666666
2023-04-12,9.122083333333334
2023-04-13,5.0754166666666665
2023-04-14,3.6529166666666666
2023-04-15,4.808333333333334
2023-04-16,6.829999999999999
2023-04-17,7.475416666666667
2023-04-18,6.86375
2023-04-19,5.782916666666666
2023-04-20,4.5408333333333335
2023-04-21,3.7929166666666667
2023-04-22,6.0075
2023-04-23,7.357499999999999
2023-04-24,11.8225
2023-04-25,10.53875
2023-04-26,10.469166666666666
2023-04-27,12.082500000000001
2023-04-28,13.350416666666668
2023-04-29,14.309166666666668
2023-04-30,16.5025
2023-05-01,15.261249999999999
2023-05-02,17.845833333333335
2023-05-03,15.853333333333333
2023-05-04,14.965000000000002
2023-05-05,12.563333333333333
2023-05-06,9.985416666666667
2023-05-07,10.779166666666667
2023-05-08,13.154166666666667
2023-05-09,16.175416666666667
2023-05-10,17.922083333333333
2023-05-11,17.999583333333334
2023-05-12,18.3325
2023-05-13,18.722083333333334
2023-05-14,17.969583333333333
2023-05-15,14.785833333333334
2023-05-16,16.376250000000002
2023-05-17,15.494166666666667
2023-05-18,12.275
2023-05-19,13.744166666666667
2023-05-20,15.942083333333334
2023-05-21,18.392916666666668
2023-05-22,17.456666666666667
2023-05-23,19.068749999999998
2023-05-24,20.366249999999997
2023-05-25,20.18375
2023-05-26,21.680000000000003
2023-05-27,21.83791666666667
2023-05-28,22.366249999999997
2023-05-29,23.70625
2023-05-30,24.176666666666666
2023-05-31,20.07125
2023-06-01,15.4825
2023-06-02,14.135833333333332
2023-06-03,10.908333333333333
2023-06-04,12.36875
2023-06-05,16.28291666666667
2023-06-06,16.464166666666667
2023-06-07,17.398333333333333
2023-06-08,14.905416666666667
2023-06-09,13.9975
2023-06-10,14.310416666666667
2023-06-11,12.592916666666667
2023-06-12,15.141666666666666
2023-06-13,17.547083333333333
2023-06-14,18.022916666666667
2023-06-15,19.108333333333334
2023-06-16,17.542083333333334
2023-06-17,15.698333333333332
2023-06-18,13.842083333333333
2023-06-19,15.212916666666667
2023-06-20,16.746666666666666
2023-06-21,20.0225
2023-06-22,19.062083333333334
2023-06-23,18.18166666666667
2023-06-24,20.867916666666666
2023-06-25,22.350416666666664
2023-06-26,24.139166666666668
2023-06-27,23.814166666666665
2023-06-28,19.82125
2023-06-29,21.692083333333333
2023-06-30,22.718333333333334
2023-07-01,21.592916666666667
2023-07-02,22.216250000000002
2023-07-03,23.049166666666665
2023-07-04,23.256249999999998
2023-07-05,25.562083333333334
2023-07-06,25.43041666666667
2023-07-07,19.677916666666665
2023-07-08,19.682083333333335
2023-07-09,20.794583333333332
2023-07-10,22.310833333333335
2023-07-11,20.202083333333334
2023-07-12,19.28708333333333
2023-07-13,19.802916666666665
2023-07-14,21.50125
2023-07-15,16.08375
2023-07-16,16.31833333333333
2023-07-17,18.754583333333333
2023-07-18,18.875416666666666
2023-07-19,18.79041666666667
2023-07-20,16.742916666666666
2023-07-21,18.897916666666667
2023-07-22,21.98125
2023-07-23,22.292916666666667
2023-07-24,22.06375
2023-07-25,24.175833333333333
2023-07-26,24.920416666666668
2023-07-27,25.150000000000002
2023-07-28,24.629166666666666
2023-07-29,25.088333333333335
2023-07-30,25.077083333333334
2023-07-31,25.95625
2023-08-01,25.25125
2023-08-02,26.217916666666667
2023-08-03,22.455
2023-08-04,20.154166666666665
2023-08-05,19.29375
2023-08-06,19.69625
2023-08-07,21.930833333333336
2023-08-08,21.35875
2023-08-09,20.205833333333334
2023-08-10,18.261666666666667
2023-08-11,17.510416666666668
2023-08-12,19.090833333333332
2023-08-13,21.957083333333333
2023-08-14,24.456666666666667
2023-08-15,26.54416666666667
2023-08-16,24.374166666666667
2023-08-17,22.143333333333334
2023-08-18,23.682916666666667
2023-08-19,23.182083333333335
2023-08-20,21.282083333333333
2023-08-21,22.02
2023-08-22,22.615
2023-08-23,23.570000000000004
2023-08-24,24.98
2023-08-25,25.29875
2023-08-26,26.25125
2023-08-27,25.996666666666666
2023-08-28,21.760416666666668
2023-08-29,20.771666666666665
2023-08-30,20.301666666666666
2023-08-31,17.17125
2023-09-01,15.83375
2023-09-02,16.892500000000002
2023-09-03,18.0775
2023-09-04,15.365416666666667
2023-09-05,13.5675
2023-09-06,13.309583333333334
2023-09-07,16.129166666666666
2023-09-08,15.801666666666668
2023-09-09,12.060416666666667
2023-09-10,11.661666666666667
2023-09-11,12.584583333333333
2023-09-12,14.207916666666668
2023-09-13,15.545416666666666
2023-09-14,13.565
2023-09-15,13.782916666666667
2023-09-16,11.802083333333334
2023-09-17,10.604583333333332
2023-09-18,10.617083333333333
2023-09-19,11.495833333333332
2023-09-20,15.160416666666668
2023-09-21,14.1575
2023-09-22,12.639583333333334
2023-09-23,12.110416666666666
2023-09-24,13.915
2023-09-25,12.790833333333333
2023-09-26,13.354999999999999
2023-09-27,14.590416666666668
2023-09-28,15.015
2023-09-29,15.107916666666666
2023-09-30,16.505416666666665
2023-10-01,18.357499999999998
2023-10-02,21.223333333333333
2023-10-03,17.3875
2023-10-04,14.502916666666666
2023-10-05,13.77375
2023-10-06,18.42625
2023-10-07,15.856250000000001
2023-10-08,13.100416666666668
2023-10-09,14.040833333333333
2023-10-10,15.072083333333333
2023-10-11,13.455
2023-10-12,14.223333333333334
2023-10-13,15.694583333333334
2023-10-14,16.055416666666666
2023-10-15,16.69625
2023-10-16,15.708333333333334
2023-10-17,14.608333333333334
2023-10-18,14.626666666666667
2023-10-19,15.25875
2023-10-20,14.000416666666666
2023-10-21,14.631666666666668
2023-10-22,13.584583333333333
2023-10-23,11.924583333333333
2023-10-24,13.424999999999999
2023-10-25,12.978333333333333
2023-10-26,10.965000000000002
2023-10-27,12.507916666666667
2023-10-28,14.034166666666666
2023-10-29,14.149166666666666
2023-10-30,14.911666666666667
2023-10-31,13.64625
2023-11-01,8.094166666666666
2023-11-02,7.107916666666667
2023-11-03,7.314583333333334
2023-11-04,7.252916666666667
2023-11-05,8.345416666666667
2023-11-06,7.4325
2023-11-07,10.937083333333334
2023-11-08,9.541666666666666
2023-11-09,3.4933333333333336
2023-11-10,2.0437499999999997
2023-11-11,0.6320833333333333
2023-11-12,2.097916666666667
2023-11-13,3.9066666666666667
2023-11-14,2.445
2023-11-15,1.3316666666666668
2023-11-16,0.5120833333333333
2023-11-17,1.3783333333333332
2023-11-18,1.8170833333333334
2023-11-19,1.1066666666666667
2023-11-20,3.214166666666667
2023-11-21,2.0370833333333334
2023-11-22,2.76125
2023-11-23,2.7116666666666664
2023-11-24,3.0591666666666666
2023-11-25,5.921666666666667
2023-11-26,8.098333333333334
2023-11-27,6.609583333333333
2023-11-28,4.973333333333334
2023-11-29,6.25875
2023-11-30,9.739583333333334
2023-12-01,11.132083333333334
2023-12-02,9.9425
2023-12-03,9.827083333333333
2023-12-04,10.5975
2023-12-05,10.004166666666666
2023-12-06,9.002083333333333
2023-12-07,3.9179166666666667
2023-12-08,2.1675
2023-12-09,-0.3358333333333334
2023-12-10,-0.8112499999999999
2023-12-11,0.8937499999999999
2023-12-12,2.6370833333333334
2023-12-13,1.05375
2023-12-14,-6.474166666666666
2023-12-15,-6.74125
2023-12-16,-2.1104166666666666
2023-12-17,-1.9545833333333336
2023-12-18,-1.2870833333333334
2023-12-19,-0.8925000000000001
2023-12-20,-1.0520833333333333
2023-12-21,-1.5591666666666668
2023-12-22,1.4383333333333335
2023-12-23,-1.29375
2023-12-24,-4.5175
2023-12-25,3.299166666666667
2023-12-26,1.8812499999999999
2023-12-27,1.6691666666666667
2023-12-28,6.632083333333334
2023-12-29,8.49625
2023-12-30,1.3229166666666667
2023-12-31,-0.13875
2024-01-01,-0.36166666666666664
2024-01-02,0.17499999999999996
2024-01-03,-0.13583333333333328
2024-01-04,4.049166666666667
2024-01-05,7.0320833333333335
2024-01-06,4.532916666666667
2024-01-07,2.73875
2024-01-08,6.425416666666667
2024-01-09,8.720416666666667
2024-01-10,4.029583333333333
2024-01-11,3.4458333333333333
2024-01-12,0.9125
2024-01-13,2.1045833333333333
2024-01-14,1.45
2024-01-15,2.4587499999999998
2024-01-16,3.1679166666666667
2024-01-17,2.6149999999999998
2024-01-18,0.9991666666666666
2024-01-19,1.2520833333333334
2024-01-20,2.3970833333333332
2024-01-21,-2.8350000000000004
2024-01-22,-3.9766666666666666
2024-01-23,-3.1704166666666667
2024-01-24,-1.7516666666666667
2024-01-25,-0.8133333333333334
2024-01-26,-1.8141666666666667
2024-01-27,0.12333333333333335
2024-01-28,-0.062083333333333345
2024-01-29,0.022499999999999982
2024-01-30,0.9874999999999999
2024-01-31,1.6245833333333335
2024-02-01,0.8475
2024-02-02,0.2783333333333333
2024-02-03,2.2062500000000003
2024-02-04,4.7675
2024-02-05,7.1875
2024-02-06,5.4750000000000005
2024-02-07,2.5083333333333333
2024-02-08,2.5716666666666668
2024-02-09,5.127083333333333
2024-02-10,6.125
2024-02-11,5.873333333333334
2024-02-12,9.772499999999999
2024-02-13,7.17125
2024-02-14,5.888333333333333
2024-02-15,6.847083333333334
2024-02-16,4.930833333333333
2024-02-17,1.1199999999999999
2024-02-18,-2.4208333333333334
2024-02-19,-3.9404166666666662
2024-02-20,-1.7379166666666668
2024-02-21,0.44
2024-02-22,2.42375
2024-02-23,5.358750000000001
2024-02-24,5.589583333333334
2024-02-25,6.253333333333333
2024-02-26,8.029166666666667
2024-02-27,6.524583333333333
2024-02-28,7.209583333333334
2024-03-01,8.196250000000001
2024-03-02,6.310416666666666
2024-03-03,6.284166666666667
2024-03-04,8.110416666666667
2024-03-05,7.952500000000001
2024-03-06,9.428333333333333
2024-03-07,6.910833333333333
2024-03-08,7.691666666666666
2024-03-09,9.867916666666668
2024-03-10,8.710416666666667
2024-03-11,7.220416666666666
2024-03-12,6.703333333333333
2024-03-13,8.734583333333333
2024-03-14,8.056666666666667
2024-03-15,9.214166666666667
2024-03-16,5.972083333333334
2024-03-17,5.332916666666667
2024-03-18,7.402916666666666
2024-03-19,8.665000000000001
2024-03-20,10.799166666666666
2024-03-21,11.1775
2024-03-22,7.520833333333333
2024-03-23,7.565833333333333
2024-03-24,3.6199999999999997
2024-03-25,3.3816666666666664
2024-03-26,5.654166666666666
2024-03-27,5.93625
2024-03-28,4.607916666666667
2024-03-29,6.215416666666666
2024-03-30,9.069583333333332
2024-03-31,6.629583333333334
2024-04-01,6.30125
2024-04-02,8.014166666666666
2024-04-03,7.5425
2024-04-04,7.99125
2024-04-05,5.372916666666666
2024-04-06,5.657916666666666
2024-04-07,7.4316666666666675
2024-04-08,9.047916666666667
2024-04-09,8.974166666666667
2024-04-10,10.109166666666667
2024-04-11,10.97125
2024-04-12,12.270000000000001
2024-04-13,10.902083333333332
2024-04-14,11.82625
2024-04-15,9.227083333333333
2024-04-16,5.303333333333334
2024-04-17,5.729583333333333
2024-04-18,7.0025
2024-04-19,12.152500000000002
2024-04-20,10.40875
2024-04-21,11.8975
2024-04-22,15.280416666666667
2024-04-23,11.8675
2024-04-24,15.32625
2024-04-25,18.712500000000002
2024-04-26,19.389166666666664
2024-04-27,15.0475
2024-04-28,12.45375
2024-04-29,8.758333333333333
2024-04-30,9.462083333333334
2024-05-01,10.915833333333333
2024-05-02,10.861666666666666
2024-05-03,10.739583333333334
2024-05-04,11.894166666666665
2024-05-05,13.127916666666666
2024-05-06,15.291666666666666
2024-05-07,16.189583333333335
2024-05-08,16.060416666666665
2024-05-09,15.5175
2024-05-10,16.044166666666666
2024-05-11,14.025
2024-05-12,14.069583333333334
2024-05-13,18.0625
2024-05-14,21.4225
2024-05-15,22.00708333333333
2024-05-16,21.900000000000002
2024-05-17,19.159166666666668
2024-05-18,18.112916666666667
2024-05-19,17.60375
2024-05-20,15.900416666666667
2024-05-21,15.951666666666666
2024-05-22,17.668333333333333
2024-05-23,18.534583333333334
2024-05-24,18.9725
2024-05-25,19.76875
2024-05-26,18.649166666666666
2024-05-27,19.012083333333333
2024-05-28,20.15875
2024-05-29,16.435
2024-05-30,19.230833333333333
2024-05-31,18.1175
2024-06-01,20.386666666666667
2024-06-02,18.972083333333334
2024-06-03,15.723333333333334
2024-06-04,16.99
2024-06-05,15.194166666666668
2024-06-06,14.084583333333333
2024-06-07,16.063750000000002
2024-06-08,15.41375
2024-06-09,16.679166666666667
2024-06-10,17.839166666666667
2024-06-11,16.92875
2024-06-12,15.73375
2024-06-13,17.642083333333332
2024-06-14,19.601666666666667
2024-06-15,21.35375
2024-06-16,21.790833333333335
2024-06-17,21.092916666666667
2024-06-18,19.013749999999998
2024-06-19,12.97125
2024-06-20,14.800416666666665
2024-06-21,17.080000000000002
2024-06-22,19.60875
2024-06-23,18.824583333333333
2024-06-24,19.174583333333334
2024-06-25,17.171666666666667
2024-06-26,18.832916666666666
2024-06-27,19.899166666666666
2024-06-28,20.46291666666667
2024-06-29,21.40041666666667
2024-06-30,22.225416666666664
2024-07-01,20.15041666666667
2024-07-02,20.419999999999998
2024-07-03,22.243333333333336
2024-07-04,18.53
2024-07-05,17.424166666666668
2024-07-06,17.522499999999997
2024-07-07,18.232083333333332
2024-07-08,19.68625
2024-07-09,20.685
2024-07-10,19.370833333333334
2024-07-11,18.12
2024-07-12,17.805416666666666
2024-07-13,19.2525
2024-07-14,20.431250000000002
2024-07-15,21.643333333333334
2024-07-16,22.56458333333333
2024-07-17,23.29625
2024-07-18,22.784583333333334
2024-07-19,24.63291666666667
2024-07-20,26.66208333333333
2024-07-21,25.58125
2024-07-22,20.107083333333332
2024-07-23,21.349999999999998
2024-07-24,24.443749999999998
2024-07-25,23.4575
2024-07-26,23.700416666666666
2024-07-27,24.502916666666668
2024-07-28,21.470416666666665
2024-07-29,22.9325
2024-07-30,27.473333333333333
2024-07-31,27.470416666666665
2024-08-01,25.73375
2024-08-02,26.920833333333334
2024-08-03,27.06833333333333
2024-08-04,23.325833333333335
2024-08-05,23.98375
2024-08-06,26.729166666666668
2024-08-07,28.6975
2024-08-08,29.947916666666668
2024-08-09,29.3875
2024-08-10,19.951249999999998
2024-08-11,20.364166666666666
2024-08-12,20.955000000000002
2024-08-13,20.359166666666667
2024-08-14,17.824583333333333
2024-08-15,18.21708333333333
2024-08-16,20.726666666666667
2024-08-17,23.467916666666667
2024-08-18,26.765833333333333
2024-08-19,28.14
2024-08-20,26.57166666666667
2024-08-21,24.374583333333334
2024-08-22,23.118750000000002
2024-08-23,21.537916666666664
2024-08-24,23.14708333333333
2024-08-25,25.420833333333334
2024-08-26,26.232916666666668
2024-08-27,25.245833333333334
2024-08-28,28.505416666666665
2024-08-29,21.403333333333332
2024-08-30,20.473333333333333
2024-08-31,15.99125
2024-09-01,13.533333333333333
2024-09-02,16.66625
2024-09-03,17.635
2024-09-04,12.531666666666666
2024-09-05,11.69375
2024-09-06,12.561666666666667
2024-09-07,16.291666666666668
2024-09-08,16.442083333333333
2024-09-09,15.04875
2024-09-10,15.59375
2024-09-11,19.345833333333335
2024-09-12,17.495416666666667
2024-09-13,18.292083333333334
2024-09-14,17.21375
2024-09-15,17.942083333333333
2024-09-16,17.917083333333334
2024-09-17,18.58875
2024-09-18,18.63
2024-09-19,18.407083333333333
2024-09-20,17.58791666666667
2024-09-21,18.59541666666667
2024-09-22,18.784583333333334
2024-09-23,15.72375
2024-09-24,15.83875
2024-09-25,15.950416666666667
2024-09-26,16.949583333333333
2024-09-27,18.4675
2024-09-28,15.751666666666667
2024-09-29,14.510416666666666
2024-09-30,14.205
2024-10-01,14.668333333333335
2024-10-02,14.119166666666667
2024-10-03,14.282499999999999
2024-10-04,13.583333333333334
2024-10-05,12.865416666666667
2024-10-06,12.485833333333334
2024-10-07,12.137500000000001
2024-10-08,12.566666666666668
2024-10-09,11.449583333333335
2024-10-10,10.187083333333334
2024-10-11,10.2575
2024-10-12,10.447916666666666
2024-10-13,7.543333333333333
2024-10-14,9.368333333333334
2024-10-15,9.603333333333333
2024-10-16,7.141666666666667
2024-10-17,4.039583333333334
2024-10-18,4.0725
2024-10-19,5.292916666666667
2024-10-20,7.948333333333333
2024-10-21,7.784583333333334
2024-10-22,6.620416666666666
2024-10-23,7.116666666666667
2024-10-24,7.355
2024-10-25,10.736666666666666
2024-10-26,7.626666666666666
2024-10-27,8.058333333333334
2024-10-28,10.814583333333333
2024-10-29,8.315833333333334
2024-10-30,5.897916666666667
2024-10-31,5.439166666666666
2024-11-01,5.15125
2024-11-02,6.736249999999999
2024-11-03,9.219166666666666
2024-11-04,11.509166666666667
2024-11-05,9.626666666666667
2024-11-06,8.604166666666666
2024-11-07,8.38875
2024-11-08,7.544583333333333
2024-11-09,8.567083333333334
2024-11-10,10.305833333333334
2024-11-11,11.676250000000001
2024-11-12,6.8825
2024-11-13,5.050416666666667
2024-11-14,4.0875
2024-11-15,8.7325
2024-11-16,8.885416666666666
2024-11-17,5.592083333333334
2024-11-18,5.208333333333333
2024-11-19,8.234583333333333
2024-11-20,7.289583333333333
2024-11-21,10.210416666666667
2024-11-22,12.997916666666667
2024-11-23,11.790833333333333
2024-11-24,7.674166666666667
2024-11-25,10.776666666666666
2024-11-26,13.511666666666665
2024-11-27,7.1241666666666665
2024-11-28,12.132916666666667
2024-11-29,11.710416666666667
2024-11-30,8.825000000000001
2024-12-01,9.512500000000001
2024-12-02,11.24
2024-12-03,10.709166666666667
2024-12-04,8.60375
2024-12-05,5.275833333333334
2024-12-06,4.042083333333333
2024-12-07,6.075833333333333
2024-12-08,6.1825
2024-12-09,3.5391666666666666
2024-12-10,3.6020833333333333
2024-12-11,2.43625
2024-12-12,4.260833333333333
2024-12-13,3.268333333333333
2024-12-14,2.0029166666666667
2024-12-15,2.2
2024-12-16,2.9525
2024-12-17,3.9720833333333334
2024-12-18,1.8745833333333335
2024-12-19,3.813333333333333
2024-12-20,5.7941666666666665
2024-12-21,7.277916666666666
2024-12-22,6.3445833333333335
2024-12-23,4.241666666666666
2024-12-24,3.751666666666667
2024-12-25,1.1741666666666666
2024-12-26,-0.6929166666666666
2024-12-27,-1.8379166666666666
2024-12-28,-1.5916666666666668
2024-12-29,-3.39
2024-12-30,-3.672916666666667
2024-12-31,-3.0262499999999997
2025-01-01,11.748333333333333
2025-01-02,9.553749999999999
2025-01-03,7.7004166666666665
2025-01-04,7.490833333333334
2025-01-05,6.87875
2025-01-06,4.871666666666667
2025-01-07,4.862916666666666
2025-01-08,6.265416666666667
2025-01-09,5.92875
2025-01-10,6.548749999999999
2025-01-11,3.0541666666666667
2025-01-12,1.8479166666666667
2025-01-13,3.9637499999999997
2025-01-14,0.10958333333333335
2025-01-15,-0.8129166666666666
2025-01-16,-1.5070833333333333
2025-01-17,-1.3983333333333334
2025-01-18,-0.5883333333333333
2025-01-19,7.283333333333334
2025-01-20,6.855
2025-01-21,8.432916666666666
2025-01-22,8.517916666666666
2025-01-23,7.760000000000001
2025-01-24,5.135416666666667
2025-01-25,4.254166666666666
2025-01-26,4.36125
2025-01-27,5.152916666666667
2025-01-28,3.904583333333333
2025-01-29,1.6145833333333333
2025-01-30,0.96625
2025-01-31,-0.11666666666666665
2025-02-01,-3.3204166666666666
2025-02-02,-6.363333333333333
2025-02-03,-10.74375
2025-02-04,-10.79
2025-02-05,-10.56375
2025-02-06,-9.910416666666666
2025-02-07,-10.310416666666667
2025-02-08,-6.94125
2025-02-09,-7.7875000000000005
2025-02-10,-6.1525
2025-02-11,-7.099166666666666
2025-02-12,-8.53875
2025-02-13,-6.528333333333333
2025-02-14,-0.8408333333333333
2025-02-15,3.0475
2025-02-16,3.6329166666666666
2025-02-17,3.6158333333333332
2025-02-18,4.279583333333334
2025-02-19,4.323333333333333
2025-02-20,1.7908333333333335
2025-02-21,0.10166666666666674
2025-02-22,1.3879166666666667
2025-02-23,4.01375
2025-02-24,7.2749999999999995
2025-02-25,7.42625
2025-02-26,6.350833333333333
2025-02-27,4.4870833333333335
2025-02-28,5.660416666666666
2025-03-01,7.576666666666667
2025-03-02,8.784583333333334
2025-03-03,9.464166666666666
2025-03-04,7.9070833333333335
2025-03-05,5.03375
2025-03-06,4.7058333333333335
2025-03-07,4.888333333333333
2025-03-08,5.322916666666667
2025-03-09,4.3187500000000005
2025-03-10,5.150833333333334
2025-03-11,7.410416666666666
2025-03-12,8.594166666666666
2025-03-13,8.495416666666666
2025-03-14,7.84375
2025-03-15,9.605833333333333
2025-03-16,12.0075
2025-03-17,11.75625
2025-03-18,7.291250000000001
2025-03-19,6.590833333333333
2025-03-20,7.472916666666666
2025-03-21,8.495
2025-03-22,10.581666666666667
2025-03-23,11.664583333333333
2025-03-24,12.385416666666666
2025-03-25,12.625833333333333
2025-03-26,12.184583333333334
2025-03-27,11.68875
2025-03-28,12.707500000000001
2025-03-29,13.191666666666668
2025-03-30,12.040833333333333
2025-03-31,11.632916666666667
2025-04-01,8.71875
2025-04-02,9.737916666666667
2025-04-03,13.299583333333333
2025-04-04,11.197083333333333
2025-04-05,10.07
2025-04-06,9.71875
2025-04-07,8.881666666666666
2025-04-08,5.16
2025-04-09,7.104166666666667
2025-04-10,12.57875
2025-04-11,8.869166666666667
2025-04-12,8.060833333333333
2025-04-13,8.50375
2025-04-14,9.26
2025-04-15,9.030416666666666
2025-04-16,6.485833333333333
2025-04-17,7.79375
2025-04-18,9.428749999999999
2025-04-19,9.4
2025-04-20,8.922083333333333
2025-04-21,10.34125
2025-04-22,8.521666666666667
2025-04-23,10.0375
2025-04-24,9.191666666666666
2025-04-25,11.38125
2025-04-26,14.424583333333333
2025-04-27,16.1125
2025-04-28,21.351249999999997
2025-04-29,18.98125
2025-04-30,16.73
2025-05-01,15.667499999999999
2025-05-02,14.247916666666667
2025-05-03,14.14875
2025-05-04,16.201666666666664
2025-05-05,14.500833333333333
2025-05-06,13.331666666666665
2025-05-07,13.491666666666667
2025-05-08,14.61125
2025-05-09,17.07375
2025-05-10,21.30625
2025-05-11,23.4575
2025-05-12,13.872083333333334
2025-05-13,11.599583333333333
2025-05-14,12.277916666666668
2025-05-15,10.719166666666666
2025-05-16,8.739166666666668
2025-05-17,11.880833333333333
2025-05-18,15.374583333333334
2025-05-19,18.03875
2025-05-20,19.138333333333332
2025-05-21,17.226666666666667
2025-05-22,17.347916666666666
2025-05-23,18.37333333333333
2025-05-24,20.676666666666666
2025-05-25,20.180833333333336
2025-05-26,18.936249999999998
2025-05-27,17.16875
2025-05-28,19.089166666666667
2025-05-29,20.530833333333334
2025-05-30,20.857083333333332
2025-05-31,20.28708333333333
2025-06-01,19.107499999999998
2025-06-02,20.312083333333334
2025-06-03,17.820833333333333
2025-06-04,16.037499999999998
2025-06-05,14.63375
2025-06-06,16.7525
2025-06-07,19.7575
2025-06-08,17.385416666666668
2025-06-09,16.857916666666668
2025-06-10,16.43375
2025-06-11,16.43
2025-06-12,14.444583333333334
2025-06-13,14.442916666666667
2025-06-14,16.205833333333334
2025-06-15,19.937083333333334
2025-06-16,22.615416666666665
2025-06-17,20.6875
2025-06-18,23.0275
2025-06-19,21.527916666666666
2025-06-20,21.142083333333336
2025-06-21,21.188750000000002
2025-06-22,19.0475
2025-06-23,19.241666666666667
2025-06-24,19.79
2025-06-25,19.255416666666665
2025-06-26,19.325833333333332
2025-06-27,22.555833333333336
2025-06-28,23.919583333333335
2025-06-29,26.74
2025-06-30,25.04375
2025-07-01,19.689583333333335
2025-07-02,18.968333333333334
2025-07-03,20.172083333333333
2025-07-04,22.02
2025-07-05,22.259583333333335
2025-07-06,20.230833333333333
2025-07-07,21.78625
2025-07-08,21.552083333333332
2025-07-09,21.9725
2025-07-10,21.6825
2025-07-11,19.862083333333334
2025-07-12,18.227083333333333
2025-07-13,18.974999999999998
2025-07-14,20.260416666666668
2025-07-15,17.0725
2025-07-16,17.785
2025-07-17,20.267083333333336
2025-07-18,22.572916666666668
2025-07-19,21.34166666666667
2025-07-20,17.9975
2025-07-21,17.2425
2025-07-22,17.45625
2025-07-23,19.72625
2025-07-24,22.426666666666666
2025-07-25,25.909166666666664
2025-07-26,26.38083333333333
2025-07-27,27.772916666666664
2025-07-28,23.915000000000003
2025-07-29,20.537916666666664
2025-07-30,20.280416666666667
2025-07-31,22.067916666666665
2025-08-01,24.668333333333333
2025-08-02,24.40416666666667
2025-08-03,23.38875
2025-08-04,23.7825
2025-08-05,22.724999999999998
2025-08-06,19.061249999999998
2025-08-07,20.044583333333332
2025-08-08,20.839166666666667
2025-08-09,21.75208333333333
2025-08-10,22.017916666666665
2025-08-11,21.52125
2025-08-12,21.893333333333334
2025-08-13,23.51625
2025-08-14,24.2475
2025-08-15,26.691666666666666
2025-08-16,21.380416666666665
2025-08-17,23.11916666666667
2025-08-18,25.778750000000002
2025-08-19,27.677916666666665
2025-08-20,27.798333333333332
2025-08-21,27.64708333333333
2025-08-22,26.295
2025-08-23,24.1575
2025-08-24,21.55125
2025-08-25,21.802083333333332
2025-08-26,18.773333333333333
2025-08-27,19.381666666666668
2025-08-28,20.525833333333335
2025-08-29,22.6425
2025-08-30,19.192916666666665
2025-08-31,15.532916666666667
2025-09-01,14.287916666666668
2025-09-02,17.12625
2025-09-03,19.35125
2025-09-04,21.02208333333333
2025-09-05,20.579166666666666
2025-09-06,18.888749999999998
2025-09-07,17.923333333333336
2025-09-08,18.892500000000002
2025-09-09,21.09375
2025-09-10,22.135416666666668
2025-09-11,20.013333333333332
2025-09-12,14.199166666666665
2025-09-13,13.155833333333334
2025-09-14,14.153333333333334
2025-09-15,15.865
2025-09-16,15.707500000000001
2025-09-17,17.777083333333334
2025-09-18,18.355
2025-09-19,14.187916666666666
2025-09-20,11.92
2025-09-21,15.815
2025-09-22,15.795833333333334
2025-09-23,16.66541666666667
2025-09-24,16.974999999999998
2025-09-25,15.420416666666668
2025-09-26,13.078333333333333
2025-09-27,14.04125
2025-09-28,13.53875
2025-09-29,12.450833333333334
2025-09-30,13.026666666666666
2025-10-01,13.960416666666667
2025-10-02,13.392916666666666
2025-10-03,14.748750000000001
2025-10-04,14.909999999999998
2025-10-05,15.987083333333333
2025-10-06,17.131666666666668
2025-10-07,14.363750000000001
2025-10-08,11.88125
2025-10-09,16.26875
2025-10-10,13.624583333333334
2025-10-11,14.06
2025-10-12,13.316666666666668
2025-10-13,10.103333333333333
2025-10-14,11.571666666666667
2025-10-15,8.090416666666668
2025-10-16,7.773333333333333
2025-10-17,12.009166666666667
2025-10-18,13.246666666666668
2025-10-19,14.498333333333333
2025-10-20,14.8125
2025-10-21,14.7875
2025-10-22,13.366666666666667
2025-10-23,9.78125
2025-10-24,9.384583333333333
2025-10-25,9.913333333333332
2025-10-26,9.466666666666667
2025-10-27,3.56875
2025-10-28,2.58625
2025-10-29,2.57
2025-10-30,3.970416666666667
2025-10-31,4.3029166666666665
2025-11-01,9.200833333333334
2025-11-02,11.115
2025-11-03,15.534166666666666
2025-11-04,12.353333333333333
2025-11-05,9.009166666666667
2025-11-06,7.039583333333333
2025-11-07,6.520833333333333
2025-11-08,6.105416666666667
2025-11-09,6.9175
2025-11-10,11.190416666666666
2025-11-11,10.56375
2025-11-12,8.741666666666667
2025-11-13,6.9745833333333325
2025-11-14,6.285833333333334
2025-11-15,5.577083333333333
2025-11-16,5.183333333333334
2025-11-17,6.234999999999999
2025-11-18,7.62125
2025-11-19,4.99375
2025-11-20,4.088333333333334
2025-11-21,5.1691666666666665
2025-11-22,8.4675
2025-11-23,8.482916666666666
2025-11-24,9.284166666666666
2025-11-25,11.51375
2025-11-26,10.740833333333333
2025-11-27,7.358333333333333
2025-11-28,7.066666666666666
2025-11-29,4.377916666666667
2025-11-30,2.970833333333333
2025-12-01,-0.11041666666666668
2025-12-02,1.4783333333333333
2025-12-03,1.9933333333333332
2025-12-04,5.473333333333334
2025-12-05,3.3054166666666664
2025-12-06,1.5512499999999998
2025-12-07,-0.11208333333333333
2025-12-08,-0.45375000000000004
2025-12-09,-1.1604166666666667
2025-12-10,3.32375
2025-12-11,1.1254166666666667
2025-12-12,-1.9466666666666665
2025-12-13,-1.34375
2025-12-14,3.1195833333333334
2025-12-15,7.959166666666667
2025-12-16,9.247916666666667
2025-12-17,7.95
2025-12-18,6.06125
2025-12-19,4.8879166666666665
2025-12-20,3.189583333333333
2025-12-21,7.588333333333334
2025-12-22,7.358333333333333
2025-12-23,12.536666666666667
2025-12-24,8.859166666666667
2025-12-25,10.746666666666668
2025-12-26,9.557083333333333
2025-12-27,9.500416666666666
2025-12-28,7.637083333333333
2025-12-29,6.442916666666666
2025-12-30,9.342916666666666
2025-12-31,6.046666666666667
2026-01-01,5.657916666666666
2026-01-02,3.8870833333333334
2026-01-03,3.001666666666667
2026-01-04,1.2979166666666668
2026-01-05,0.5866666666666667
2026-01-06,-1.6479166666666665
2026-01-07,-1.7874999999999999
2026-01-08,-1.2620833333333332
2026-01-09,-2.7241666666666666
2026-01-10,-2.752083333333333
2026-01-11,-3.0966666666666662
2026-01-12,-0.3666666666666667
2026-01-13,-1.3554166666666667
2026-01-14,-2.8037500000000004
2026-01-15,-4.1025
2026-01-16,-2.21
2026-01-17,4.7525
2026-01-18,6.004583333333334
2026-01-19,3.69125
2026-01-20,3.86875
2026-01-21,5.277083333333334
2026-01-22,3.315
2026-01-23,-1.5195833333333333
2026-01-24,-4.195
2026-01-25,-1.2829166666666667
2026-01-26,-0.48500000000000004
2026-01-27,-4.154166666666667
2026-01-28,-1.9583333333333333
2026-01-29,-1.2575
2026-01-30,-1.64625
2026-01-31,-1.1908333333333332
2026-02-01,-1.7116666666666667
2026-02-02,-3.3633333333333333
2026-02-03,-3.87875
2026-02-04,-4.9525
2026-02-05,-1.8758333333333335
2026-02-06,1.6991666666666667
2026-02-07,3.1704166666666667
2026-02-08,3.344583333333333
2026-02-09,2.379583333333333
2026-02-10,1.4954166666666666
2026-02-11,0.51375
2026-02-12,-1.6020833333333335
2026-02-13,-0.15166666666666662
2026-02-14,4.038333333333333
2026-02-15,6.673749999999999
2026-02-16,9.162083333333333
2026-02-17,5.8625
2026-02-18,7.0058333333333325
2026-02-19,5.922083333333333
2026-02-20,5.578333333333333
2026-02-21,5.346666666666667
2026-02-22,3.9462499999999996
2026-02-23,2.3345833333333332
2026-02-24,1.7437500000000001
2026-02-25,1.3475000000000001
2026-02-26,-0.2020833333333333
2026-02-27,-0.9375
2026-02-28,-0.0070833333333333625
2026-03-01,-0.9554166666666667
2026-03-02,-0.3958333333333333
2026-03-03,5.20375
2026-03-04,2.0033333333333334
2026-03-05,-0.17125
2026-03-06,0.2708333333333333
2026-03-07,0.5883333333333334
2026-03-08,2.365416666666667
2026-03-09,8.525416666666667
2026-03-10,5.102083333333334
2026-03-11,3.1058333333333334
2026-03-12,-2.1350000000000002
2026-03-13,-2.06875
2026-03-14,-0.88
2026-03-15,0.6741666666666667
2026-03-16,1.1995833333333332
2026-03-17,1.7420833333333334
2026-03-18,2.2570833333333336
2026-03-19,3.8341666666666665
2026-03-20,7.069583333333333
2026-03-21,8.893333333333333
2026-03-22,7.179166666666667
2026-03-23,5.463333333333334
2026-03-24,7.323333333333333
2026-03-25,13.042083333333332
2026-03-26,15.761666666666665
2026-03-27,15.745
2026-03-28,9.807083333333333
2026-03-29,8.944583333333334
2026-03-30,10.990833333333333
2026-03-31,13.69375
2026-04-01,12.900833333333333
2026-04-02,12.4275
2026-04-03,10.085416666666667
2026-04-04,9.315416666666666
2026-04-05,3.9008333333333334
2026-04-06,4.184583333333333
2026-04-07,5.719166666666666
2026-04-08,9.881666666666666
2026-04-09,8.03875
2026-04-10,3.766666666666667
2026-04-11,5.769166666666667
2026-04-12,6.100833333333333
2026-04-13,7.832083333333333
2026-04-14,11.762500000000001
2026-04-15,10.67375
2026-04-16,12.804166666666667
2026-04-17,12.21
2026-04-18,12.427916666666667
2026-04-19,12.558750000000002
2026-04-20,13.937916666666666
2026-04-21,15.3825
2026-04-22,15.933750000000002
2026-04-23,15.164583333333333
2026-04-24,16.027916666666666
2026-04-25,16.555
2026-04-26,14.45875
2026-04-27,13.984583333333333
2026-04-28,12.908333333333333
2026-04-29,8.797083333333333
2026-04-30,8.34625
2026-05-01,12.080833333333333
2026-05-02,16.22625
2026-05-03,18.31625
2026-05-04,19.357916666666668
2026-05-05,17.721666666666668
2026-05-06,16.67833333333333
2026-05-07,15.997083333333334
2026-05-08,13.825000000000001
2026-05-09,9.889166666666666
2026-05-10,11.439166666666667
2026-05-11,15.436250000000001
2026-05-12,17.385
2026-05-13,16.451666666666664
2026-05-14,15.72125
2026-05-15,17.745416666666667
2026-05-16,18.613333333333333
2026-05-17,20.004583333333333
2026-05-18,16.689583333333335
2026-05-19,15.58375
2026-05-20,14.612083333333333
2026-05-21,16.00125
2026-05-22,15.597500000000002
2026-05-23,13.86125
2026-05-24,13.194583333333334
2026-05-25,13.212083333333334
2026-05-26,17.715833333333332
2026-05-27,19.269166666666667
2026-05-28,17.75916666666667
2026-05-29,12.450833333333334
2026-05-30,8.98875
2026-05-31,9.245
2026-06-01,9.367083333333333
2026-06-02,10.007916666666667
2026-06-03,13.29625
2026-06-04,15.002916666666666
2026-06-05,14.650833333333333
2026-06-06,13.999166666666667
2026-06-07,14.790416666666665
2026-06-08,16.66
2026-06-09,17.790833333333335
2026-06-10,19.649583333333332
2026-06-11,20.915833333333335
2026-06-12,21.469166666666666
2026-06-13,23.889166666666668
2026-06-14,24.97
2026-06-15,24.523749999999996
2026-06-16,23.110416666666666
2026-06-17,22.81375
2026-06-18,24.181250000000002
2026-06-19,22.733333333333334
2026-06-20,23.894166666666667
2026-06-21,23.183333333333334
2026-06-22,20.015
2026-06-23,19.85125
2026-06-24,22.855
2026-06-25,24.229583333333334
2026-06-26,22.174166666666665
2026-06-27,22.31041666666667
2026-06-28,21.920833333333334
2026-06-29,21.523750000000003
2026-06-30,22.69875
2026-07-01,23.623333333333335
2026-07-02,23.33
2026-07-03,24.358333333333334
2026-07-04,26.662916666666664
2026-07-05,24.795416666666668
2026-07-06,20.892083333333336
2026-07-07,20.587083333333336
2026-07-08,22.35625
2026-07-09,23.932916666666667
2026-07-10,25.17833333333333
2026-07-11,26.63208333333333
2026-07-12,26.752916666666668
2026-07-13,25.949166666666667
2026-07-14,25.742083333333337
2026-07-15,24.9225
2026-07-16,24.25791666666667
2026-07-17,24.476249999999997
2026-07-18,25.836666666666662
2026-07-19,28.325416666666666
2026-07-20,29.03125
2026-07-21,29.137083333333333
2026-07-22,27.4375
2026-07-23,26.682916666666667
2026-07-24,28.14625
2026-07-25,29.472083333333334
2026-07-26,27.881249999999998
2026-07-27,27.912916666666664
2026-07-28,24.907083333333333
2026-07-29,24.113333333333333
2026-07-30,26.155833333333334
2026-07-31,24.0175
2026-08-01,21.162916666666668
2026-08-02,20.81375
2026-08-03,17.300416666666667
2026-08-04,18.25375
2026-08-05,17.940833333333334
2026-08-06,17.632916666666667
2026-08-07,20.236666666666668
2026-08-08,19.9275
2026-08-09,19.927916666666665
2026-08-10,17.979583333333334
2026-08-11,15.5025
2026-08-12,14.974166666666667
2026-08-13,14.909166666666666
2026-08-14,15.726666666666667
2026-08-15,19.25875
2026-08-16,19.610416666666666
2026-08-17,21.249166666666667
2026-08-18,20.826249999999998
2026-08-19,20.515
2026-08-20,19.02
2026-08-21,19.197083333333335
2026-08-22,19.12
2026-08-23,18.892916666666668
2026-08-24,17.730833333333333
2026-08-25,17.495
2026-08-26,16.888749999999998
2026-08-27,17.480416666666667
2026-08-28,16.21125
2026-08-29,13.930416666666666
2026-08-30,14.495
2026-08-31,15.878333333333332
2026-09-01,17.504166666666666
2026-09-02,19.92083333333333
2026-09-03,22.257499999999997
2026-09-04,23.56833333333333
2026-09-05,22.159583333333334
2026-09-06,20.34541666666667
2026-09-07,22.302083333333332
2026-09-08,17.675
2026-09-09,16.989583333333332
2026-09-10,19.97458333333333
2026-09-11,21.937083333333334
2026-09-12,21.215
2026-09-13,21.0075
2026-09-14,20.525833333333335
2026-09-15,18.554166666666667
2026-09-16,18.065
2026-09-17,17.637083333333333
2026-09-18,16.87375
2026-09-19,17.756249999999998
2026-09-20,17.986250000000002
2026-09-21,18.664583333333333
2026-09-22,19.65125
2026-09-23,20.014166666666664
2026-09-24,19.89625
2026-09-25,16.442916666666665
2026-09-26,15.86625
2026-09-27,16.11
2026-09-28,15.441250000000002
2026-09-29,17.07166666666667
2026-09-30,18.558333333333334
2026-10-01,17.50375
2026-10-02,18.172083333333333
2026-10-03,16.0925
2026-10-04,12.52375
2026-10-05,12.345416666666667
2026-10-06,14.323333333333332
2026-10-07,13.714166666666666
2026-10-08,11.475
2026-10-09,13.344166666666666
2026-10-10,14.247083333333334
2026-10-11,14.271666666666667
2026-10-12,15.211666666666666
2026-10-13,15.114583333333334
2026-10-14,14.389583333333333
2026-10-15,12.204166666666666
2026-10-16,10.487916666666667
2026-10-17,11.415
2026-10-18,12.224166666666667
2026-10-19,13.971666666666666
2026-10-20,15.005833333333333
2026-10-21,15.61875
2026-10-22,15.735416666666666
2026-10-23,15.680416666666666
2026-10-24,15.551250000000001
2026-10-25,12.46875
2026-10-26,15.349166666666667
2026-10-27,16.771666666666665
2026-10-28,15.904583333333333
2026-10-29,15.253333333333332
2026-10-30,11.706249999999999
2026-10-31,12.807083333333333
2026-11-01,9.508333333333333
2026-11-02,4.069583333333333
2026-11-03,3.87375
2026-11-04,5.030833333333333
2026-11-05,4.33
2026-11-06,4.814166666666666
2026-11-07,6.158333333333334
2026-11-08,9.78875
2026-11-09,12.109583333333333
2026-11-10,6.1175
2026-11-11,7.547916666666667
2026-11-12,9.792083333333332
2026-11-13,9.6225
2026-11-14,13.065
2026-11-15,11.439583333333333
2026-11-16,11.032083333333333
2026-11-17,12.7325
2026-11-18,11.066249999999998
2026-11-19,9.0625
2026-11-20,7.666666666666667
2026-11-21,9.921666666666667
2026-11-22,6.212083333333333
2026-11-23,11.486666666666666
2026-11-24,12.64
2026-11-25,12.894583333333332
2026-11-26,10.966666666666667
2026-11-27,9.040000000000001
2026-11-28,7.6000000000000005
2026-11-29,9.48
2026-11-30,8.755833333333333
2026-12-01,6.630416666666666
2026-12-02,6.5683333333333325
2026-12-03,11.262500000000001
2026-12-04,12.10375
2026-12-05,14.551666666666668
2026-12-06,9.747083333333334
2026-12-07,8.22
2026-12-08,9.0025
2026-12-09,6.402916666666666
2026-12-10,4.587916666666667
2026-12-11,3.4358333333333335
2026-12-12,6.314583333333334
2026-12-13,4.70875
2026-12-14,2.388333333333333
2026-12-15,2.70875
2026-12-16,5.541250000000001
2026-12-17,6.344166666666666
2026-12-18,2.89625
2026-12-19,3.279583333333333
2026-12-20,0.6541666666666667
2026-12-21,1.0291666666666666
2026-12-22,1.0954166666666667
2026-12-23,-0.12000000000000001
2026-12-24,0.45375000000000004
2026-12-25,0.36791666666666667
2026-12-26,0.43999999999999995
2026-12-27,-0.13083333333333333
2026-12-28,0.22999999999999998
2026-12-29,0.63
2026-12-30,4.89375
2026-12-31,12.017083333333332
2027-01-01,6.409166666666667
2027-01-02,7.224166666666666
2027-01-03,6.994583333333334
2027-01-04,6.689166666666666
2027-01-05,7.015833333333333
2027-01-06,6.382916666666667
2027-01-07,6.522083333333334
2027-01-08,6.414166666666667
2027-01-09,7.46875
2027-01-10,7.989166666666667
2027-01-11,7.638333333333333
2027-01-12,6.84875
2027-01-13,4.46375
2027-01-14,1.9116666666666664
2027-01-15,3.24875
2027-01-16,2.3404166666666666
2027-01-17,0.41708333333333325
2027-01-18,-3.733333333333333
2027-01-19,-0.6441666666666667
2027-01-20,0.10916666666666669
2027-01-21,-0.8045833333333333
2027-01-22,0.5525
2027-01-23,4.766666666666667
2027-01-24,3.250833333333333
2027-01-25,5.183333333333334
2027-01-26,7.114166666666667
2027-01-27,8.721666666666666
2027-01-28,9.847916666666666
2027-01-29,7.9629166666666675
2027-01-30,7.437916666666666
2027-01-31,9.631666666666666
2027-02-01,12.447083333333333
2027-02-02,10.997916666666667
2027-02-03,6.4975
2027-02-04,5.035833333333334
2027-02-05,7.57
2027-02-06,6.591666666666666
2027-02-07,5.532916666666666
2027-02-08,9.73875
2027-02-09,9.924583333333333
2027-02-10,4.420833333333333
2027-02-11,3.922916666666666
2027-02-12,3.4429166666666666
2027-02-13,7.426666666666667
2027-02-14,6.994583333333334
2027-02-15,4.105416666666667
2027-02-16,3.439166666666667
2027-02-17,2.8179166666666666
2027-02-18,4.79125
2027-02-19,4.118333333333333
2027-02-20,5.5625
2027-02-21,12.0
2027-02-22,10.952083333333334
2027-02-23,7.690416666666667
2027-02-24,2.97875
2027-02-25,2.6333333333333333
2027-02-26,2.6158333333333332
2027-02-27,2.66
2027-02-28,3.26375
2027-03-01,3.9879166666666666
2027-03-02,5.54
2027-03-03,3.59375
2027-03-04,3.9562500000000003
2027-03-05,5.089166666666666
2027-03-06,3.5595833333333338
2027-03-07,2.8625000000000003
2027-03-08,2.720833333333333
2027-03-09,2.09875
2027-03-10,4.315
2027-03-11,5.5687500000000005
2027-03-12,6.2370833333333335
2027-03-13,6.870416666666666
2027-03-14,6.417916666666667
2027-03-15,3.1341666666666668
2027-03-16,4.91
2027-03-17,4.9870833333333335
2027-03-18,6.447083333333333
2027-03-19,5.521666666666667
2027-03-20,5.105416666666667
2027-03-21,5.377916666666667
2027-03-22,6.503333333333334
2027-03-23,6.2058333333333335
2027-03-24,7.078749999999999
2027-03-25,7.2562500000000005
2027-03-26,10.780000000000001
2027-03-27,8.051666666666668
2027-03-28,9.695
2027-03-29,11.687083333333334
2027-03-30,12.7125
2027-03-31,13.764583333333334
2027-04-01,10.075833333333334
2027-04-02,10.871666666666668
2027-04-03,14.448333333333332
2027-04-04,13.825833333333334
2027-04-05,12.930416666666666
2027-04-06,12.160416666666668
2027-04-07,9.247916666666667
2027-04-08,8.290833333333333
2027-04-09,8.68375
2027-04-10,11.797916666666666
2027-04-11,12.391666666666666
2027-04-12,13.917916666666668
2027-04-13,11.266666666666666
2027-04-14,12.162083333333333
2027-04-15,12.13875
2027-04-16,12.96125
2027-04-17,9.966666666666667
2027-04-18,7.830000000000001
2027-04-19,9.36125
2027-04-20,11.996666666666668
2027-04-21,13.610416666666666
2027-04-22,15.09875
2027-04-23,10.243333333333334
2027-04-24,6.081666666666667
2027-04-25,6.076250000000001
2027-04-26,6.785416666666666
2027-04-27,5.566666666666666
2027-04-28,6.958333333333333
2027-04-29,9.509166666666667
2027-04-30,9.970416666666667
2027-05-01,9.056666666666667
2027-05-02,12.496250000000002
2027-05-03,11.186666666666667
2027-05-04,10.96125
2027-05-05,13.03625
2027-05-06,16.23125
2027-05-07,17.0925
2027-05-08,17.89125
2027-05-09,18.422083333333333
2027-05-10,18.69125
2027-05-11,17.30666666666667
2027-05-12,14.202916666666667
2027-05-13,14.702916666666667
2027-05-14,13.387500000000001
2027-05-15,10.212083333333334
2027-05-16,10.247083333333334
2027-05-17,12.568333333333333
2027-05-18,14.810416666666667
2027-05-19,12.319166666666668
2027-05-20,14.14625
2027-05-21,17.865416666666665
2027-05-22,18.15041666666667
2027-05-23,11.700833333333334
2027-05-24,12.766666666666666
2027-05-25,14.665
2027-05-26,18.580000000000002
2027-05-27,21.254583333333333
2027-05-28,20.4475
2027-05-29,17.631666666666664
2027-05-30,16.380416666666665
2027-05-31,16.646666666666665
2027-06-01,17.217916666666667
2027-06-02,16.957916666666666
2027-06-03,17.5675
2027-06-04,17.72625
2027-06-05,18.732499999999998
2027-06-06,20.232083333333332
2027-06-07,21.154166666666665
2027-06-08,18.18
2027-06-09,18.990416666666665
2027-06-10,19.4425
2027-06-11,17.7425
2027-06-12,17.484166666666667
2027-06-13,16.64625
2027-06-14,15.920416666666666
2027-06-15,15.982916666666668
2027-06-16,15.556666666666667
2027-06-17,16.24125
2027-06-18,16.3125
2027-06-19,15.532083333333333
2027-06-20,17.919583333333332
2027-06-21,18.552083333333332
2027-06-22,23.91125
2027-06-23,26.667916666666667
2027-06-24,26.733333333333334
2027-06-25,20.592499999999998
2027-06-26,18.75875
2027-06-27,19.050833333333333
2027-06-28,20.616666666666667
2027-06-29,22.084999999999997
2027-06-30,21.10375
2027-07-01,23.04125
2027-07-02,19.236250000000002
2027-07-03,19.142916666666668
2027-07-04,21.2475
2027-07-05,22.325416666666666
2027-07-06,21.4525
2027-07-07,21.72875
2027-07-08,23.887916666666666
2027-07-09,25.04875
2027-07-10,26.275000000000002
2027-07-11,24.474999999999998
2027-07-12,20.010416666666668
2027-07-13,16.767083333333336
2027-07-14,15.490833333333335
2027-07-15,16.227083333333333
2027-07-16,18.7575
2027-07-17,21.839166666666667
2027-07-18,24.066666666666666
2027-07-19,25.39125
2027-07-20,27.6725
2027-07-21,25.95125
2027-07-22,23.030833333333334
2027-07-23,23.07875
2027-07-24,23.79416666666667
2027-07-25,24.711250000000003
2027-07-26,25.051666666666666
2027-07-27,23.743750000000002
2027-07-28,22.654583333333335
2027-07-29,23.760416666666668
2027-07-30,24.935833333333335
2027-07-31,21.7675
2027-08-01,21.130416666666665
2027-08-02,21.035
2027-08-03,23.873333333333335
2027-08-04,21.504166666666666
2027-08-05,18.81625
2027-08-06,19.726666666666667
2027-08-07,21.81375
2027-08-08,23.197083333333335
2027-08-09,19.31
2027-08-10,17.430833333333332
2027-08-11,17.597916666666666
2027-08-12,21.500833333333333
2027-08-13,23.118750000000002
2027-08-14,24.909166666666664
2027-08-15,25.107916666666668
2027-08-16,25.350416666666664
2027-08-17,23.59375
2027-08-18,20.789166666666667
2027-08-19,22.727500000000003
2027-08-20,19.395833333333332
2027-08-21,18.367916666666666
2027-08-22,19.4925
2027-08-23,22.64916666666667
2027-08-24,25.026666666666667
2027-08-25,26.555000000000003
2027-08-26,28.368333333333336
2027-08-27,28.375833333333333
2027-08-28,28.072916666666668
2027-08-29,23.954583333333332
2027-08-30,23.4025
2027-08-31,23.8475
2027-09-01,23.93958333333333
2027-09-02,23.125416666666666
2027-09-03,23.084999999999997
2027-09-04,20.394583333333333
2027-09-05,18.317916666666665
2027-09-06,19.289583333333333
2027-09-07,20.21125
2027-09-08,22.78708333333333
2027-09-09,23.163749999999997
2027-09-10,22.927083333333332
2027-09-11,23.16208333333333
2027-09-12,23.883333333333336
2027-09-13,24.263333333333335
2027-09-14,24.2
2027-09-15,19.521666666666665
2027-09-16,17.28291666666667
2027-09-17,16.61583333333333
2027-09-18,15.758333333333333
2027-09-19,16.703333333333333
2027-09-20,15.603333333333333
2027-09-21,15.144166666666665
2027-09-22,14.487916666666665
2027-09-23,16.153333333333332
2027-09-24,15.607916666666666
2027-09-25,17.7025
2027-09-26,17.784166666666668
2027-09-27,18.07875
2027-09-28,17.008333333333333
2027-09-29,18.682916666666667
2027-09-30,18.392083333333332
2027-10-01,15.9825
2027-10-02,14.443333333333333
2027-10-03,12.92125
2027-10-04,13.195833333333333
2027-10-05,11.862916666666665
2027-10-06,10.11
2027-10-07,11.441666666666668
2027-10-08,10.855416666666665
2027-10-09,8.456666666666667
2027-10-10,7.87125
2027-10-11,8.545833333333333
2027-10-12,6.84125
2027-10-13,7.439583333333334
2027-10-14,9.912916666666666
2027-10-15,12.400833333333333
2027-10-16,11.539583333333333
2027-10-17,12.676250000000001
2027-10-18,13.669166666666667
2027-10-19,10.989583333333334
2027-10-20,10.119583333333333
2027-10-21,9.187916666666666
2027-10-22,6.665833333333333
2027-10-23,7.921250000000001
2027-10-24,12.627916666666666
2027-10-25,14.664166666666667
2027-10-26,12.537083333333333
2027-10-27,9.85125
2027-10-28,7.507916666666667
2027-10-29,8.409583333333332
2027-10-30,8.625833333333334
2027-10-31,8.050416666666667
2027-11-01,9.225416666666666
2027-11-02,9.879583333333334
2027-11-03,6.55125
2027-11-04,6.570833333333333
2027-11-05,11.36
2027-11-06,6.650833333333334
2027-11-07,3.7062500000000003
2027-11-08,1.85375
2027-11-09,4.676666666666667
2027-11-10,8.064583333333333
2027-11-11,6.9558333333333335
2027-11-12,4.7437499999999995
2027-11-13,4.3999999999999995
2027-11-14,3.123333333333333
2027-11-15,5.289583333333334
2027-11-16,9.392916666666666
2027-11-17,11.796666666666667
2027-11-18,12.677916666666667
2027-11-19,7.195416666666667
2027-11-20,7.617916666666667
2027-11-21,8.482916666666666
2027-11-22,9.602083333333333
2027-11-23,8.362083333333333
2027-11-24,7.170833333333333
2027-11-25,7.769583333333333
2027-11-26,7.675416666666667
2027-11-27,7.44625
2027-11-28,4.252083333333333
2027-11-29,-0.3941666666666667
2027-11-30,-0.37916666666666665
2027-12-01,0.8908333333333333
2027-12-02,1.8283333333333334
2027-12-03,3.1308333333333334
2027-12-04,1.35375
2027-12-05,0.8004166666666667
2027-12-06,1.66375
2027-12-07,0.05333333333333334
2027-12-08,1.5304166666666668
2027-12-09,2.040833333333333
2027-12-10,1.78625
2027-12-11,2.3366666666666664
2027-12-12,3.049583333333333
2027-12-13,1.2691666666666668
2027-12-14,2.5545833333333334
2027-12-15,1.4108333333333334
2027-12-16,1.01875
2027-12-17,1.6291666666666667
2027-12-18,2.2325
2027-12-19,3.37625
2027-12-20,0.9125
2027-12-21,0.57625
2027-12-22,2.1166666666666667
2027-12-23,5.562916666666666
2027-12-24,7.897083333333334
2027-12-25,8.934583333333334
2027-12-26,7.755416666666666
2027-12-27,3.7575000000000003
2027-12-28,-0.0037500000000000033
2027-12-29,-0.505
2027-12-30,-0.5033333333333333
2027-12-31,-0.98
2028-01-01,10.965416666666668
2028-01-02,5.309166666666667
2028-01-03,6.127916666666667
2028-01-04,7.209583333333334
2028-01-05,8.012500000000001
2028-01-06,9.796666666666667
2028-01-07,9.92
2028-01-08,10.645
2028-01-09,12.31
2028-01-10,11.6925
2028-01-11,11.0875
2028-01-12,9.917916666666667
2028-01-13,9.885
2028-01-14,9.299166666666666
2028-01-15,4.334583333333334
2028-01-16,6.302083333333333
2028-01-17,11.215000000000002
2028-01-18,13.61625
2028-01-19,14.08875
2028-01-20,12.95375
2028-01-21,8.805416666666668
2028-01-22,4.649166666666667
2028-01-23,1.5254166666666666
2028-01-24,-3.5429166666666667
2028-01-25,-5.140833333333333
2028-01-26,-4.797083333333333
2028-01-27,-0.6345833333333334
2028-01-28,2.2291666666666665
2028-01-29,3.467916666666667
2028-01-30,2.348333333333333
2028-01-31,1.37125
2028-02-01,3.2829166666666665
2028-02-02,4.413333333333333
2028-02-03,5.595416666666666
2028-02-04,3.672083333333333
2028-02-05,4.652916666666667
2028-02-06,4.3275
2028-02-07,4.882916666666667
2028-02-08,7.33125
2028-02-09,6.7820833333333335
2028-02-10,6.001666666666666
2028-02-11,8.967916666666666
2028-02-12,9.444583333333332
2028-02-13,7.0995833333333325
2028-02-14,5.1987499999999995
2028-02-15,7.69
2028-02-16,5.72125
2028-02-17,5.199583333333333
2028-02-18,6.167916666666667
2028-02-19,6.896666666666667
2028-02-20,6.155
2028-02-21,7.819166666666667
2028-02-22,9.685
2028-02-23,9.424166666666666
2028-02-24,8.960833333333333
2028-02-25,8.928333333333333
2028-02-26,7.601666666666667
2028-02-27,7.579166666666667
2028-02-28,11.380833333333333
2028-03-01,9.508333333333333
2028-03-02,8.43625
2028-03-03,11.274166666666666
2028-03-04,9.143333333333333
2028-03-05,8.70375
2028-03-06,8.352916666666667
2028-03-07,10.009583333333333
2028-03-08,8.782916666666667
2028-03-09,6.986666666666667
2028-03-10,6.0808333333333335
2028-03-11,5.22125
2028-03-12,6.704583333333333
2028-03-13,9.4675
2028-03-14,9.205
2028-03-15,9.235833333333334
2028-03-16,10.295833333333333
2028-03-17,8.245416666666666
2028-03-18,8.661666666666667
2028-03-19,3.6316666666666664
2028-03-20,2.8820833333333336
2028-03-21,3.1591666666666662
2028-03-22,2.4208333333333334
2028-03-23,2.4366666666666665
2028-03-24,3.5245833333333336
2028-03-25,5.309583333333333
2028-03-26,7.416666666666667
2028-03-27,8.336666666666668
2028-03-28,8.832083333333333
2028-03-29,9.02375
2028-03-30,7.886666666666667
2028-03-31,4.861666666666666
2028-04-01,8.232916666666666
2028-04-02,11.450416666666667
2028-04-03,10.84125
2028-04-04,7.350416666666667
2028-04-05,8.931666666666667
2028-04-06,11.3175
2028-04-07,12.8825
2028-04-08,11.604166666666666
2028-04-09,12.917916666666665
2028-04-10,13.291666666666666
2028-04-11,14.17
2028-04-12,15.813333333333333
2028-04-13,17.840833333333332
2028-04-14,18.854583333333334
2028-04-15,18.730416666666667
2028-04-16,17.820833333333333
2028-04-17,18.18
2028-04-18,12.84125
2028-04-19,12.395000000000001
2028-04-20,13.856250000000001
2028-04-21,14.529166666666667
2028-04-22,17.349166666666665
2028-04-23,18.877083333333335
2028-04-24,19.450416666666666
2028-04-25,19.9575
2028-04-26,19.475833333333334
2028-04-27,18.799166666666668
2028-04-28,19.4775
2028-04-29,18.727083333333333
2028-04-30,17.307916666666667
2028-05-01,16.451249999999998
2028-05-02,14.404583333333333
2028-05-03,14.74375
2028-05-04,15.06
2028-05-05,14.097083333333332
2028-05-06,16.292916666666667
2028-05-07,15.22625
2028-05-08,16.41375
2028-05-09,16.242916666666666
2028-05-10,19.312916666666666
2028-05-11,18.084166666666665
2028-05-12,17.9675
2028-05-13,20.75375
2028-05-14,14.677083333333334
2028-05-15,11.675416666666665
2028-05-16,12.277500000000002
2028-05-17,13.158333333333333
2028-05-18,15.020416666666668
2028-05-19,17.966666666666665
2028-05-20,20.370833333333334
2028-05-21,21.930000000000003
2028-05-22,22.352500000000003
2028-05-23,21.85375
2028-05-24,22.46875
2028-05-25,23.99083333333333
2028-05-26,21.53333333333333
2028-05-27,17.284583333333334
2028-05-28,11.20125
2028-05-29,10.365833333333333
2028-05-30,13.07625
2028-05-31,16.200416666666666
2028-06-01,14.06125
2028-06-02,15.285416666666668
2028-06-03,17.899166666666666
2028-06-04,19.8875
2028-06-05,20.54041666666667
2028-06-06,20.949583333333333
2028-06-07,21.655416666666667
2028-06-08,22.129166666666666
2028-06-09,21.95875
2028-06-10,21.958333333333332
2028-06-11,20.16
2028-06-12,21.192916666666665
2028-06-13,22.150000000000002
2028-06-14,22.526666666666667
2028-06-15,17.7075
2028-06-16,18.616666666666667
2028-06-17,20.68625
2028-06-18,21.786666666666665
2028-06-19,24.105416666666667
2028-06-20,24.301666666666666
2028-06-21,19.475416666666668
2028-06-22,17.716666666666665
2028-06-23,17.562083333333334
2028-06-24,20.357916666666668
2028-06-25,17.872916666666665
2028-06-26,14.962916666666667
2028-06-27,13.942083333333334
2028-06-28,14.984166666666667
2028-06-29,16.868750000000002
2028-06-30,19.245833333333334
2028-07-01,21.399583333333336
2028-07-02,18.174583333333334
2028-07-03,16.60125
2028-07-04,15.606250000000001
2028-07-05,15.512500000000001
2028-07-06,18.441666666666666
2028-07-07,20.375416666666666
2028-07-08,19.144166666666667
2028-07-09,17.329166666666666
2028-07-10,14.209583333333335
2028-07-11,15.834166666666667
2028-07-12,18.111666666666668
2028-07-13,22.46875
2028-07-14,25.202083333333334
2028-07-15,27.0275
2028-07-16,27.417083333333334
2028-07-17,24.110833333333332
2028-07-18,24.015416666666667
2028-07-19,23.71375
2028-07-20,22.91416666666667
2028-07-21,19.382083333333334
2028-07-22,19.695833333333333
2028-07-23,19.4875
2028-07-24,18.116666666666667
2028-07-25,19.97625
2028-07-26,22.174166666666665
2028-07-27,22.769166666666667
2028-07-28,22.26875
2028-07-29,21.08875
2028-07-30,17.349999999999998
2028-07-31,16.721666666666668
2028-08-01,19.388333333333332
2028-08-02,20.640833333333333
2028-08-03,19.44333333333333
2028-08-04,21.067916666666665
2028-08-05,23.07625
2028-08-06,24.8025
2028-08-07,20.16541666666667
2028-08-08,17.178333333333335
2028-08-09,14.803333333333335
2028-08-10,16.347083333333334
2028-08-11,19.477083333333333
2028-08-12,20.6275
2028-08-13,21.816666666666666
2028-08-14,22.900000000000002
2028-08-15,26.892083333333332
2028-08-16,19.900000000000002
2028-08-17,18.037499999999998
2028-08-18,18.999583333333334
2028-08-19,19.507083333333334
2028-08-20,17.402083333333334
2028-08-21,15.912916666666668
2028-08-22,18.059166666666666
2028-08-23,20.281666666666666
2028-08-24,20.87875
2028-08-25,22.152083333333334
2028-08-26,22.743750000000002
2028-08-27,22.253333333333334
2028-08-28,19.274166666666666
2028-08-29,17.632916666666667
2028-08-30,16.94333333333333
2028-08-31,17.18875
2028-09-01,16.775000000000002
2028-09-02,17.47458333333333
2028-09-03,15.900416666666667
2028-09-04,12.665
2028-09-05,11.61875
2028-09-06,12.413333333333334
2028-09-07,14.608333333333334
2028-09-08,15.772083333333335
2028-09-09,16.152083333333334
2028-09-10,15.680833333333334
2028-09-11,14.445416666666667
2028-09-12,13.698749999999999
2028-09-13,15.194166666666668
2028-09-14,18.158333333333335
2028-09-15,17.59625
2028-09-16,17.757083333333334
2028-09-17,18.872083333333332
2028-09-18,13.935833333333333
2028-09-19,12.178333333333333
2028-09-20,12.29
2028-09-21,14.385833333333332
2028-09-22,16.77375
2028-09-23,17.997083333333332
2028-09-24,18.469583333333333
2028-09-25,14.238333333333335
2028-09-26,11.848333333333334
2028-09-27,10.514166666666666
2028-09-28,11.682083333333333
2028-09-29,14.176666666666668
2028-09-30,14.874583333333334
2028-10-01,16.59958333333333
2028-10-02,18.04
2028-10-03,19.04625
2028-10-04,18.992083333333333
2028-10-05,17.48
2028-10-06,15.116666666666667
2028-10-07,12.515833333333333
2028-10-08,12.189166666666667
2028-10-09,11.53125
2028-10-10,12.559583333333334
2028-10-11,11.11
2028-10-12,10.900416666666667
2028-10-13,11.673333333333334
2028-10-14,10.049583333333333
2028-10-15,12.066250000000002
2028-10-16,12.96375
2028-10-17,14.707083333333332
2028-10-18,10.23875
2028-10-19,6.429166666666667
2028-10-20,4.9925
2028-10-21,4.1779166666666665
2028-10-22,5.010416666666667
2028-10-23,6.166250000000001
2028-10-24,7.402916666666667
2028-10-25,8.071250000000001
2028-10-26,8.249583333333334
2028-10-27,8.561666666666666
2028-10-28,7.119166666666666
2028-10-29,8.392083333333334
2028-10-30,8.597916666666666
2028-10-31,6.3808333333333325
2028-11-01,5.877916666666667
2028-11-02,7.000416666666666
2028-11-03,9.005833333333333
2028-11-04,10.217916666666666
2028-11-05,6.16375
2028-11-06,7.2995833333333335
2028-11-07,6.644166666666667
2028-11-08,9.26625
2028-11-09,6.334583333333334
2028-11-10,5.366666666666667
2028-11-11,9.241249999999999
2028-11-12,5.017083333333333
2028-11-13,4.025416666666667
2028-11-14,3.3025
2028-11-15,1.3295833333333333
2028-11-16,0.1475
2028-11-17,-0.017083333333333357
2028-11-18,0.003333333333333336
2028-11-19,0.9249999999999999
2028-11-20,4.358333333333333
2028-11-21,6.9575
2028-11-22,8.369166666666667
2028-11-23,9.222916666666666
2028-11-24,6.081666666666667
2028-11-25,4.7
2028-11-26,5.306666666666667
2028-11-27,3.4324999999999997
2028-11-28,0.6566666666666666
2028-11-29,1.0783333333333334
2028-11-30,6.459166666666667
2028-12-01,7.786666666666666
2028-12-02,9.590416666666668
2028-12-03,8.169583333333334
2028-12-04,7.445833333333333
2028-12-05,8.919166666666667
2028-12-06,10.751666666666667
2028-12-07,10.72125
2028-12-08,6.720416666666666
2028-12-09,8.82375
2028-12-10,7.0616666666666665
2028-12-11,5.670000000000001
2028-12-12,4.8675
2028-12-13,5.520416666666667
2028-12-14,1.4654166666666668
2028-12-15,-0.33208333333333334
2028-12-16,-0.5437500000000001
2028-12-17,-0.8258333333333333
2028-12-18,-2.9562500000000003
2028-12-19,-2.827916666666667
2028-12-20,-3.126666666666667
2028-12-21,-2.612083333333333
2028-12-22,-2.2695833333333333
2028-12-23,-2.370833333333333
2028-12-24,-2.9783333333333335
2028-12-25,-3.0829166666666663
2028-12-26,-0.685
2028-12-27,0.06166666666666667
2028-12-28,-0.64125
2028-12-29,2.4620833333333336
2028-12-30,4.742083333333333
2028-12-31,2.307916666666667
2029-01-01,-2.7391666666666663
2029-01-02,-3.0858333333333334
2029-01-03,-3.4304166666666664
2029-01-04,-4.23625
2029-01-05,-3.5795833333333333
2029-01-06,-3.8191666666666664
2029-01-07,-1.5679166666666668
2029-01-08,-0.6916666666666668
2029-01-09,-1.1966666666666668
2029-01-10,-2.3745833333333333
2029-01-11,-1.0441666666666667
2029-01-12,2.5708333333333333
2029-01-13,0.8020833333333334
2029-01-14,-0.5275
2029-01-15,-0.5337500000000001
2029-01-16,0.785
2029-01-17,2.04625
2029-01-18,1.53125
2029-01-19,4.0424999999999995
2029-01-20,7.107916666666667
2029-01-21,7.08625
2029-01-22,6.029166666666666
2029-01-23,5.41375
2029-01-24,8.819166666666666
2029-01-25,7.924166666666667
2029-01-26,11.370416666666666
2029-01-27,11.992916666666666
2029-01-28,12.958333333333334
2029-01-29,8.168333333333333
2029-01-30,8.66625
2029-01-31,9.397916666666667
2029-02-01,9.304583333333333
2029-02-02,8.97875
2029-02-03,8.904583333333333
2029-02-04,10.418333333333333
2029-02-05,11.799999999999999
2029-02-06,8.007916666666667
2029-02-07,6.235833333333333
2029-02-08,6.565833333333334
2029-02-09,11.05375
2029-02-10,8.34
2029-02-11,11.050416666666665
2029-02-12,12.979166666666666
2029-02-13,12.620833333333332
2029-02-14,8.110416666666667
2029-02-15,4.008333333333334
2029-02-16,2.9779166666666668
2029-02-17,3.6687499999999997
2029-02-18,4.0529166666666665
2029-02-19,4.894583333333333
2029-02-20,6.504583333333334
2029-02-21,2.89
2029-02-22,2.4704166666666665
2029-02-23,7.03875
2029-02-24,4.422916666666667
2029-02-25,7.675
2029-02-26,11.312916666666666
2029-02-27,9.625833333333334
2029-02-28,7.6475
2029-03-01,7.185416666666666
2029-03-02,4.815
2029-03-03,3.8054166666666664
2029-03-04,3.733333333333333
2029-03-05,4.0008333333333335
2029-03-06,6.457083333333333
2029-03-07,9.163333333333332
2029-03-08,9.398333333333333
2029-03-09,8.833333333333334
2029-03-10,8.609166666666667
2029-03-11,10.0375
2029-03-12,12.840416666666668
2029-03-13,13.070416666666667
2029-03-14,8.782083333333334
2029-03-15,7.954583333333333
2029-03-16,10.22375
2029-03-17,11.4625
2029-03-18,12.71125
2029-03-19,12.89125
2029-03-20,13.94625
2029-03-21,13.609166666666667
2029-03-22,10.220416666666667
2029-03-23,5.341666666666666
2029-03-24,3.783333333333333
2029-03-25,2.904166666666667
2029-03-26,3.4591666666666665
2029-03-27,4.400416666666667
2029-03-28,5.85125
2029-03-29,8.787916666666666
2029-03-30,7.97375
2029-03-31,9.723333333333334
2029-04-01,10.919166666666667
2029-04-02,12.632916666666667
2029-04-03,12.896666666666667
2029-04-04,12.59125
2029-04-05,9.926666666666668
2029-04-06,8.054583333333333
2029-04-07,7.47125
2029-04-08,8.866249999999999
2029-04-09,8.2475
2029-04-10,8.587916666666667
2029-04-11,10.067916666666667
2029-04-12,11.370416666666666
2029-04-13,9.118333333333334
2029-04-14,7.011666666666667
2029-04-15,5.9695833333333335
2029-04-16,6.09375
2029-04-17,9.132083333333334
2029-04-18,10.760416666666666
2029-04-19,9.366666666666667
2029-04-20,8.599583333333333
2029-04-21,10.804166666666667
2029-04-22,12.985416666666666
2029-04-23,14.785833333333334
2029-04-24,14.222083333333332
2029-04-25,16.300833333333333
2029-04-26,13.894166666666665
2029-04-27,10.22875
2029-04-28,12.03125
2029-04-29,12.205416666666666
2029-04-30,13.869166666666667
2029-05-01,11.262916666666667
2029-05-02,10.107916666666666
2029-05-03,8.821250000000001
2029-05-04,8.484166666666667
2029-05-05,8.105833333333333
2029-05-06,9.896666666666667
2029-05-07,13.219583333333333
2029-05-08,16.263749999999998
2029-05-09,17.548750000000002
2029-05-10,16.69625
2029-05-11,14.972916666666668
2029-05-12,14.722499999999998
2029-05-13,16.004583333333333
2029-05-14,16.143333333333334
2029-05-15,16.679166666666667
2029-05-16,19.64375
2029-05-17,22.766666666666666
2029-05-18,16.65625
2029-05-19,15.220833333333333
2029-05-20,16.607916666666664
2029-05-21,19.289166666666667
2029-05-22,18.834166666666665
2029-05-23,13.386666666666665
2029-05-24,15.034583333333332
2029-05-25,12.95875
2029-05-26,13.618333333333332
2029-05-27,12.260416666666666
2029-05-28,13.27375
2029-05-29,13.561666666666667
2029-05-30,15.272083333333333
2029-05-31,17.443749999999998
2029-06-01,18.550833333333333
2029-06-02,19.827083333333334
2029-06-03,18.27125
2029-06-04,21.084166666666665
2029-06-05,18.1975
2029-06-06,16.1775
2029-06-07,15.657916666666667
2029-06-08,16.835
2029-06-09,16.700833333333332
2029-06-10,14.366666666666667
2029-06-11,15.070416666666667
2029-06-12,19.064583333333335
2029-06-13,21.83666666666667
2029-06-14,23.57166666666667
2029-06-15,24.82375
2029-06-16,24.635
2029-06-17,26.860416666666666
2029-06-18,28.230833333333333
2029-06-19,26.258333333333336
2029-06-20,25.1375
2029-06-21,23.433333333333334
2029-06-22,25.500416666666666
2029-06-23,25.746666666666666
2029-06-24,20.495
2029-06-25,19.8225
2029-06-26,21.27541666666667
2029-06-27,21.385
2029-06-28,17.23875
2029-06-29,16.389166666666668
2029-06-30,17.955416666666668
2029-07-01,21.234166666666667
2029-07-02,18.063333333333333
2029-07-03,19.387083333333333
2029-07-04,16.641666666666666
2029-07-05,19.391666666666666
2029-07-06,18.574166666666667
2029-07-07,20.392916666666668
2029-07-08,23.983333333333334
2029-07-09,24.206666666666667
2029-07-10,18.569166666666668
2029-07-11,19.51
2029-07-12,22.090416666666666
2029-07-13,18.949166666666667
2029-07-14,18.8075
2029-07-15,20.645
2029-07-16,18.923750000000002
2029-07-17,18.679583333333333
2029-07-18,19.094166666666666
2029-07-19,19.27
2029-07-20,21.62708333333333
2029-07-21,22.072916666666668
2029-07-22,19.472916666666666
2029-07-23,20.970833333333335
2029-07-24,19.957916666666666
2029-07-25,19.04041666666667
2029-07-26,19.081666666666667
2029-07-27,22.31375
2029-07-28,23.312916666666666
2029-07-29,25.107916666666668
2029-07-30,24.985416666666666
2029-07-31,21.620416666666667
2029-08-01,18.828333333333333
2029-08-02,19.187083333333334
2029-08-03,19.517083333333336
2029-08-04,19.238333333333333
2029-08-05,20.077083333333334
2029-08-06,18.514166666666668
2029-08-07,18.392500000000002
2029-08-08,18.96291666666667
2029-08-09,17.922083333333333
2029-08-10,15.470416666666667
2029-08-11,17.067083333333333
2029-08-12,18.300416666666667
2029-08-13,19.588333333333335
2029-08-14,20.275000000000002
2029-08-15,21.593333333333334
2029-08-16,22.312916666666666
2029-08-17,22.900000000000002
2029-08-18,23.461250000000003
2029-08-19,24.589583333333334
2029-08-20,22.314999999999998
2029-08-21,19.897083333333335
2029-08-22,19.42625
2029-08-23,20.794166666666666
2029-08-24,21.408749999999998
2029-08-25,20.98
2029-08-26,21.02208333333333
2029-08-27,20.064583333333335
2029-08-28,20.761666666666667
2029-08-29,21.47
2029-08-30,22.017083333333332
2029-08-31,21.270833333333332
2029-09-01,17.330833333333334
2029-09-02,17.643333333333334
2029-09-03,16.850833333333334
2029-09-04,18.403333333333332
2029-09-05,18.145416666666666
2029-09-06,18.34625
2029-09-07,18.95625
2029-09-08,19.787499999999998
2029-09-09,18.58375
2029-09-10,16.21625
2029-09-11,14.47625
2029-09-12,16.355
2029-09-13,14.363750000000001
2029-09-14,14.402500000000002
2029-09-15,14.70375
2029-09-16,13.261249999999999
2029-09-17,13.834583333333335
2029-09-18,16.252083333333335
2029-09-19,17.857499999999998
2029-09-20,18.670416666666664
2029-09-21,15.498750000000001
2029-09-22,13.715833333333334
2029-09-23,10.430416666666666
2029-09-24,8.28125
2029-09-25,7.53
2029-09-26,10.205
2029-09-27,11.893333333333333
2029-09-28,10.880833333333333
2029-09-29,9.533333333333333
2029-09-30,11.1225
2029-10-01,12.092083333333333
2029-10-02,12.674999999999999
2029-10-03,14.74125
2029-10-04,13.319166666666668
2029-10-05,11.676250000000001
2029-10-06,11.715833333333334
2029-10-07,10.297083333333333
2029-10-08,8.503333333333332
2029-10-09,8.834999999999999
2029-10-10,9.415000000000001
2029-10-11,9.755
2029-10-12,10.756666666666666
2029-10-13,10.917083333333332
2029-10-14,12.364583333333334
2029-10-15,13.659166666666666
2029-10-16,17.159583333333334
2029-10-17,12.08625
2029-10-18,8.792083333333332
2029-10-19,7.842083333333332
2029-10-20,6.92875
2029-10-21,11.096666666666666
2029-10-22,15.330833333333333
2029-10-23,12.763333333333334
2029-10-24,9.792916666666667
2029-10-25,13.657499999999999
2029-10-26,13.770833333333334
2029-10-27,13.930833333333332
2029-10-28,9.659166666666666
2029-10-29,7.580000000000001
2029-10-30,12.359166666666667
2029-10-31,12.598333333333334
2029-11-01,12.253749999999998
2029-11-02,13.58875
2029-11-03,13.748750000000001
2029-11-04,9.71125
2029-11-05,9.237916666666667
2029-11-06,6.236666666666667
2029-11-07,6.144583333333333
2029-11-08,6.282916666666666
2029-11-09,8.703750000000001
2029-11-10,8.241249999999999
2029-11-11,11.747083333333334
2029-11-12,7.5375000000000005
2029-11-13,8.47125
2029-11-14,7.4433333333333325
2029-11-15,9.4325
2029-11-16,9.851666666666667
2029-11-17,9.707500000000001
2029-11-18,7.2775
2029-11-19,7.822500000000001
2029-11-20,7.340416666666666
2029-11-21,7.774166666666667
2029-11-22,8.052083333333334
2029-11-23,7.647916666666667
2029-11-24,8.483333333333333
2029-11-25,8.644583333333333
2029-11-26,8.891250000000001
2029-11-27,7.679583333333333
2029-11-28,8.400416666666667
2029-11-29,8.930833333333334
2029-11-30,7.529166666666666
2029-12-01,6.0025
2029-12-02,7.184166666666666
2029-12-03,6.135833333333333
2029-12-04,4.96625
2029-12-05,5.12875
2029-12-06,5.565416666666667
2029-12-07,3.8466666666666662
2029-12-08,2.8341666666666665
2029-12-09,-0.03666666666666666
2029-12-10,-0.7183333333333334
2029-12-11,-1.5541666666666665
2029-12-12,0.6233333333333333
2029-12-13,2.715
2029-12-14,2.0104166666666665
2029-12-15,6.576250000000001
2029-12-16,9.27
2029-12-17,7.369583333333334
2029-12-18,4.0375000000000005
2029-12-19,1.0225
2029-12-20,3.2383333333333333
2029-12-21,9.24
2029-12-22,11.045416666666668
2029-12-23,12.067083333333334
2029-12-24,9.9075
2029-12-25,8.164583333333333
2029-12-26,8.0775
2029-12-27,8.630833333333333
2029-12-28,8.889166666666666
2029-12-29,9.201666666666666
2029-12-30,12.82625
2029-12-31,9.569166666666666
2030-01-01,1.5783333333333334
2030-01-02,0.22125000000000003
2030-01-03,-2.1804166666666664
2030-01-04,-2.6824999999999997
2030-01-05,-2.5812500000000003
2030-01-06,-2.2279166666666668
2030-01-07,-3.233333333333333
2030-01-08,-3.8066666666666666
2030-01-09,-4.085833333333333
2030-01-10,-4.308333333333334
2030-01-11,-3.5883333333333334
2030-01-12,-2.92625
2030-01-13,-1.1966666666666665
2030-01-14,-1.1025
2030-01-15,1.41375
2030-01-16,0.77625
2030-01-17,1.7129166666666666
2030-01-18,4.50375
2030-01-19,7.135000000000001
2030-01-20,4.6525
2030-01-21,2.5629166666666667
2030-01-22,2.1125000000000003
2030-01-23,6.585416666666667
2030-01-24,2.7716666666666665
2030-01-25,1.8704166666666666
2030-01-26,1.2325000000000002
2030-01-27,0.91125
2030-01-28,0.66
2030-01-29,0.9695833333333334
2030-01-30,0.16625
2030-01-31,-1.3833333333333335
2030-02-01,-0.8541666666666666
2030-02-02,0.8329166666666666
2030-02-03,2.6358333333333333
2030-02-04,3.23625
2030-02-05,3.704166666666667
2030-02-06,5.554166666666667
2030-02-07,4.097916666666666
2030-02-08,2.28875
2030-02-09,2.9595833333333332
2030-02-10,7.402083333333334
2030-02-11,2.87625
2030-02-12,1.1854166666666666
2030-02-13,0.63125
2030-02-14,0.465
2030-02-15,-0.5633333333333334
2030-02-16,0.7404166666666666
2030-02-17,2.7258333333333336
2030-02-18,-0.9866666666666667
2030-02-19,-1.915
2030-02-20,1.2754166666666666
2030-02-21,4.156666666666666
2030-02-22,3.4566666666666666
2030-02-23,5.409583333333334
2030-02-24,4.599166666666666
2030-02-25,3.6058333333333334
2030-02-26,5.156666666666667
2030-02-27,7.330416666666667
2030-02-28,7.21
2030-03-01,7.550416666666667
2030-03-02,7.871666666666666
2030-03-03,5.853333333333333
2030-03-04,5.417916666666667
2030-03-05,3.655
2030-03-06,2.6958333333333333
2030-03-07,3.66
2030-03-08,5.83125
2030-03-09,5.445833333333333
2030-03-10,5.329166666666667
2030-03-11,6.1812499999999995
2030-03-12,5.040416666666666
2030-03-13,9.181666666666667
2030-03-14,9.294166666666667
2030-03-15,10.353333333333333
2030-03-16,7.616666666666667
2030-03-17,7.377916666666667
2030-03-18,7.215416666666667
2030-03-19,5.8429166666666665
2030-03-20,2.775
2030-03-21,2.2020833333333334
2030-03-22,4.913333333333333
2030-03-23,7.608333333333333
2030-03-24,5.1275
2030-03-25,4.474166666666666
2030-03-26,7.405833333333334
2030-03-27,9.122916666666667
2030-03-28,7.647083333333334
2030-03-29,6.515833333333333
2030-03-30,6.479583333333333
2030-03-31,7.510416666666667
2030-04-01,7.9925
2030-04-02,11.74375
2030-04-03,13.994583333333333
2030-04-04,13.157499999999999
2030-04-05,13.654583333333333
2030-04-06,14.113333333333335
2030-04-07,14.181666666666667
2030-04-08,13.267916666666666
2030-04-09,13.739583333333334
2030-04-10,15.88875
2030-04-11,16.115
2030-04-12,14.947083333333333
2030-04-13,15.879166666666665
2030-04-14,15.525416666666667
2030-04-15,16.747083333333332
2030-04-16,11.835416666666667
2030-04-17,11.421666666666667
2030-04-18,11.0225
2030-04-19,11.88375
2030-04-20,14.805416666666666
2030-04-21,15.988750000000001
2030-04-22,16.04125
2030-04-23,11.78125
2030-04-24,11.013333333333334
2030-04-25,15.659166666666666
2030-04-26,15.63125
2030-04-27,12.840000000000002
2030-04-28,10.087083333333334
2030-04-29,9.704166666666667
2030-04-30,11.166666666666666
2030-05-01,14.284166666666666
2030-05-02,15.239166666666668
2030-05-03,15.087083333333332
2030-05-04,11.780833333333334
2030-05-05,11.394583333333332
2030-05-06,15.09375
2030-05-07,16.860416666666666
2030-05-08,17.935833333333335
2030-05-09,17.97625
2030-05-10,18.17833333333333
2030-05-11,18.62375
2030-05-12,17.767083333333336
2030-05-13,18.879166666666666
2030-05-14,18.8875
2030-05-15,15.037083333333333
2030-05-16,15.348333333333334
2030-05-17,18.2
2030-05-18,16.579166666666666
2030-05-19,17.872916666666665
2030-05-20,21.02208333333333
2030-05-21,21.06625
2030-05-22,19.28125
2030-05-23,19.894583333333333
2030-05-24,25.351666666666663
2030-05-25,25.999166666666667
2030-05-26,19.482499999999998
2030-05-27,15.394583333333335
2030-05-28,16.742083333333333
2030-05-29,17.497916666666665
2030-05-30,17.55666666666667
2030-05-31,16.562916666666666
2030-06-01,17.40375
2030-06-02,19.464583333333334
2030-06-03,19.005416666666665
2030-06-04,16.71291666666667
2030-06-05,15.991666666666667
2030-06-06,16.048750000000002
2030-06-07,16.639166666666664
2030-06-08,17.590416666666666
2030-06-09,17.816666666666666
2030-06-10,18.84375
2030-06-11,18.546666666666667
2030-06-12,17.580416666666668
2030-06-13,19.831666666666667
2030-06-14,22.11916666666667
2030-06-15,20.34958333333333
2030-06-16,19.592499999999998
2030-06-17,19.999583333333334
2030-06-18,24.034166666666668
2030-06-19,18.107499999999998
2030-06-20,16.190833333333334
2030-06-21,15.543333333333335
2030-06-22,14.228333333333333
2030-06-23,15.64875
2030-06-24,18.905416666666667
2030-06-25,20.979583333333334
2030-06-26,21.027083333333334
2030-06-27,19.813333333333333
2030-06-28,21.949166666666667
2030-06-29,23.614166666666666
2030-06-30,24.579166666666666
2030-07-01,24.742083333333337
2030-07-02,25.45125
2030-07-03,23.815833333333334
2030-07-04,23.877916666666668
2030-07-05,24.089583333333334
2030-07-06,22.815833333333334
2030-07-07,19.06
2030-07-08,17.921666666666667
2030-07-09,18.345833333333335
2030-07-10,18.705833333333334
2030-07-11,18.86375
2030-07-12,20.173333333333336
2030-07-13,24.2075
2030-07-14,24.36375
2030-07-15,23.347083333333334
2030-07-16,25.272499999999997
2030-07-17,18.999583333333334
2030-07-18,16.23875
2030-07-19,18.435
2030-07-20,21.067083333333333
2030-07-21,25.277083333333334
2030-07-22,24.200833333333335
2030-07-23,22.782083333333333
2030-07-24,20.634583333333335
2030-07-25,19.66125
2030-07-26,20.605
2030-07-27,23.137916666666666
2030-07-28,21.315833333333334
2030-07-29,23.581666666666667
2030-07-30,22.537916666666664
2030-07-31,21.415833333333335
2030-08-01,24.610416666666666
2030-08-02,21.468333333333334
2030-08-03,19.491666666666667
2030-08-04,21.3475
2030-08-05,22.73
2030-08-06,24.597083333333334
2030-08-07,25.505
2030-08-08,22.04125
2030-08-09,22.920416666666668
2030-08-10,22.02416666666667
2030-08-11,22.4725
2030-08-12,23.61125
2030-08-13,23.670833333333334
2030-08-14,22.868750000000002
2030-08-15,24.52208333333333
2030-08-16,26.729166666666668
2030-08-17,26.779583333333335
2030-08-18,25.672083333333333
2030-08-19,27.427916666666665
2030-08-20,29.317083333333333
2030-08-21,23.851249999999997
2030-08-22,20.995416666666667
2030-08-23,21.510833333333334
2030-08-24,25.487083333333334
2030-08-25,23.4425
2030-08-26,23.21166666666667
2030-08-27,24.670416666666668
2030-08-28,22.150000000000002
2030-08-29,18.6875
2030-08-30,17.944166666666668
2030-08-31,20.693749999999998
2030-09-01,23.87375
2030-09-02,20.129166666666666
2030-09-03,20.039166666666667
2030-09-04,16.375416666666666
2030-09-05,14.092083333333333
2030-09-06,15.230833333333331
2030-09-07,17.527083333333334
2030-09-08,19.34958333333333
2030-09-09,19.060416666666665
2030-09-10,19.412499999999998
2030-09-11,18.09375
2030-09-12,17.950416666666666
2030-09-13,16.494583333333335
2030-09-14,13.951666666666666
2030-09-15,14.261249999999999
2030-09-16,17.004583333333333
2030-09-17,17.65875
2030-09-18,18.554583333333333
2030-09-19,18.686666666666667
2030-09-20,18.714583333333334
2030-09-21,19.06083333333333
2030-09-22,19.43875
2030-09-23,19.362083333333334
2030-09-24,18.47625
2030-09-25,17.43166666666667
2030-09-26,16.750833333333333
2030-09-27,16.827083333333334
2030-09-28,17.637083333333333
2030-09-29,16.107083333333332
2030-09-30,15.940416666666666
2030-10-01,15.617916666666666
2030-10-02,13.933333333333335
2030-10-03,12.75875
2030-10-04,12.956249999999999
2030-10-05,12.88
2030-10-06,18.967916666666667
2030-10-07,21.4725
2030-10-08,19.072083333333335
2030-10-09,16.120416666666667
2030-10-10,15.81875
2030-10-11,14.112083333333333
2030-10-12,11.525416666666667
2030-10-13,9.229166666666666
2030-10-14,5.999583333333334
2030-10-15,3.2558333333333334
2030-10-16,5.646666666666667
2030-10-17,7.078333333333333
2030-10-18,5.357083333333333
2030-10-19,4.2316666666666665
2030-10-20,6.142083333333333
2030-10-21,10.080833333333333
2030-10-22,10.418750000000001
2030-10-23,10.0
2030-10-24,9.925416666666667
2030-10-25,13.397083333333333
2030-10-26,11.937916666666666
2030-10-27,9.712083333333334
2030-10-28,8.859583333333333
2030-10-29,8.878333333333334
2030-10-30,8.547500000000001
2030-10-31,8.510416666666666
2030-11-01,10.309166666666668
2030-11-02,10.757916666666667
2030-11-03,9.497083333333334
2030-11-04,10.869166666666667
2030-11-05,9.264166666666666
2030-11-06,7.834166666666667
2030-11-07,6.382916666666667
2030-11-08,7.191666666666666
2030-11-09,6.230833333333333
2030-11-10,6.421666666666667
2030-11-11,6.220833333333334
2030-11-12,6.484166666666667
2030-11-13,11.020416666666668
2030-11-14,10.811666666666667
2030-11-15,9.953333333333333
2030-11-16,13.092083333333333
2030-11-17,14.50625
2030-11-18,10.491666666666667
2030-11-19,8.488333333333333
2030-11-20,9.92125
2030-11-21,9.2775
2030-11-22,10.6875
2030-11-23,11.972083333333332
2030-11-24,12.683333333333332
2030-11-25,10.533333333333333
2030-11-26,10.424999999999999
2030-11-27,9.05125
2030-11-28,10.35875
2030-11-29,6.745416666666667
2030-11-30,5.296666666666667
2030-12-01,5.581666666666667
2030-12-02,4.407916666666667
2030-12-03,6.329583333333333
2030-12-04,4.5616666666666665
2030-12-05,4.862916666666666
2030-12-06,8.700416666666667
2030-12-07,10.655833333333334
2030-12-08,8.057916666666667
2030-12-09,4.43625
2030-12-10,7.671250000000001
2030-12-11,6.270416666666667
2030-12-12,3.1575
2030-12-13,1.3745833333333335
2030-12-14,0.20291666666666666
2030-12-15,-1.09625
2030-12-16,-0.9020833333333332
2030-12-17,-2.0483333333333333
2030-12-18,-2.7558333333333334
2030-12-19,-7.2058333333333335
2030-12-20,-5.204166666666667
2030-12-21,2.8208333333333333
2030-12-22,6.411666666666666
2030-12-23,4.307083333333334
2030-12-24,5.040416666666666
2030-12-25,7.05375
2030-12-26,0.9025
2030-12-27,2.325416666666667
2030-12-28,4.434583333333333
2030-12-29,7.192083333333334
2030-12-30,10.130416666666667
2030-12-31,8.687916666666666
