date,high
2021-01-01,0.3958333333333333
2021-01-02,0.27499999999999997
2021-01-03,0.14583333333333334
2021-01-04,0.14583333333333334
2021-01-05,0.23750000000000002
2021-01-06,0.33749999999999997
2021-01-07,0.13333333333333333
2021-01-08,0.075
2021-01-09,0.0
2021-01-10,0.0
2021-01-11,0.21666666666666667
2021-01-12,0.0
2021-01-13,0.1625
2021-01-14,0.25833333333333336
2021-01-15,0.12916666666666668
2021-01-16,0.125
2021-01-17,0.10833333333333334
2021-01-18,0.0
2021-01-19,0.0
2021-01-20,0.0
2021-01-21,0.0
2021-01-22,0.0
2021-01-23,0.16666666666666666
2021-01-24,0.33749999999999997
2021-01-25,0.28750000000000003
2021-01-26,0.35000000000000003
2021-01-27,0.029166666666666664
2021-01-28,0.31666666666666665
2021-01-29,0.0625
2021-01-30,0.008333333333333333
2021-01-31,0.029166666666666664
2021-02-01,0.0
2021-02-02,0.40625
2021-02-03,0.06458333333333333
2021-02-04,0.016666666666666666
2021-02-05,0.024999999999999998
2021-02-06,0.28750000000000003
2021-02-07,0.1125
2021-02-08,0.3520833333333333
2021-02-09,0.0
2021-02-10,0.17916666666666667
2021-02-11,0.22708333333333333
2021-02-12,0.0
2021-02-13,0.0
2021-02-14,0.0
2021-02-15,0.01875
2021-02-16,0.0
2021-02-17,0.0
2021-02-18,0.0
2021-02-19,0.0
2021-02-20,0.3145833333333333
2021-02-21,0.17500000000000002
2021-02-22,0.09583333333333333
2021-02-23,0.13333333333333333
2021-02-24,0.2791666666666667
2021-02-25,0.16041666666666668
2021-02-26,0.0
2021-02-27,0.029166666666666664
2021-02-28,0.14583333333333334
2021-03-01,0.1625
2021-03-02,0.2041666666666667
2021-03-03,0.075
2021-03-04,0.010416666666666666
2021-03-05,0.0
2021-03-06,0.13749999999999998
2021-03-07,0.0
2021-03-08,0.07083333333333333
2021-03-09,0.0062499999999999995
2021-03-10,0.0062499999999999995
2021-03-11,0.0
2021-03-12,0.12083333333333333
2021-03-13,0.07291666666666667
2021-03-14,0.010416666666666666
2021-03-15,0.01875
2021-03-16,0.0625
2021-03-17,0.20833333333333334
2021-03-18,0.01875
2021-03-19,0.21875
2021-03-20,0.3541666666666667
2021-03-21,0.24375
2021-03-22,0.0
2021-03-23,0.0
2021-03-24,0.0
2021-03-25,0.016666666666666666
2021-03-26,0.20833333333333334
2021-03-27,0.0
2021-03-28,0.0
2021-03-29,0.0
2021-03-30,0.0
2021-03-31,0.09166666666666667
2021-04-01,0.24416666666666667
2021-04-02,0.11666666666666668
2021-04-03,0.03
2021-04-04,0.3625
2021-04-05,0.0325
2021-04-06,0.06
2021-04-07,0.28250000000000003
2021-04-08,0.1625
2021-04-09,0.2558333333333333
2021-04-10,0.005
2021-04-11,0.07083333333333333
2021-04-12,0.3458333333333334
2021-04-13,0.42
2021-04-14,0.043333333333333335
2021-04-15,0.10083333333333333
2021-04-16,0.0
2021-04-17,0.14916666666666667
2021-04-18,0.059166666666666666
2021-04-19,0.0
2021-04-20,0.017499999999999998
2021-04-21,0.04416666666666667
2021-04-22,0.0
2021-04-23,0.03166666666666667
2021-04-24,0.11083333333333334
2021-04-25,0.31
2021-04-26,0.0175
2021-04-27,0.03166666666666667
2021-04-28,0.009166666666666667
2021-04-29,0.0
2021-04-30,0.0
2021-05-01,0.009166666666666667
2021-05-02,0.0
2021-05-03,0.0
2021-05-04,0.21666666666666667
2021-05-05,0.0325
2021-05-06,0.05583333333333334
2021-05-07,0.0
2021-05-08,0.3941666666666667
2021-05-09,0.395
2021-05-10,0.005
2021-05-11,0.0
2021-05-12,0.725
2021-05-13,0.014166666666666666
2021-05-14,0.20750000000000002
2021-05-15,0.0
2021-05-16,0.2175
2021-05-17,0.09500000000000001
2021-05-18,1.1633333333333333
2021-05-19,0.4191666666666667
2021-05-20,0.355
2021-05-21,0.42333333333333334
2021-05-22,0.06416666666666666
2021-05-23,0.24583333333333335
2021-05-24,0.6158333333333333
2021-05-25,0.0
2021-05-26,0.0725
2021-05-27,0.1225
2021-05-28,0.06916666666666667
2021-05-29,0.13416666666666666
2021-05-30,0.0
2021-05-31,0.0
2021-06-01,0.0
2021-06-02,0.2833333333333333
2021-06-03,0.11666666666666665
2021-06-04,0.23124999999999998
2021-06-05,0.31875000000000003
2021-06-06,0.03125
2021-06-07,0.06041666666666667
2021-06-08,0.30833333333333335
2021-06-09,0.225
2021-06-10,0.14583333333333334
2021-06-11,0.04583333333333333
2021-06-12,0.0062499999999999995
2021-06-13,0.0
2021-06-14,0.0
2021-06-15,0.0
2021-06-16,0.0
2021-06-17,0.0
2021-06-18,0.0
2021-06-19,0.18541666666666667
2021-06-20,0.08541666666666665
2021-06-21,0.006250000000000001
2021-06-22,0.0
2021-06-23,0.0
2021-06-24,0.0
2021-06-25,0.18541666666666667
2021-06-26,0.0
2021-06-27,0.28750000000000003
2021-06-28,0.0
2021-06-29,0.17708333333333334
2021-06-30,0.010416666666666666
2021-07-01,0.0
2021-07-02,0.01916666666666667
2021-07-03,0.0
2021-07-04,0.19999999999999998
2021-07-05,0.11833333333333333
2021-07-06,0.39083333333333337
2021-07-07,0.006666666666666667
2021-07-08,0.08833333333333333
2021-07-09,0.0
2021-07-10,0.0
2021-07-11,0.0
2021-07-12,0.0
2021-07-13,0.023333333333333334
2021-07-14,0.28583333333333333
2021-07-15,0.02
2021-07-16,0.0
2021-07-17,0.0
2021-07-18,0.15
2021-07-19,0.30333333333333334
2021-07-20,0.18083333333333332
2021-07-21,0.03916666666666667
2021-07-22,0.0
2021-07-23,0.0
2021-07-24,0.028333333333333335
2021-07-25,0.0825
2021-07-26,0.010833333333333334
2021-07-27,0.03416666666666667
2021-07-28,0.09083333333333332
2021-07-29,0.05333333333333334
2021-07-30,0.059166666666666666
2021-07-31,0.05333333333333334
2021-08-01,0.09416666666666666
2021-08-02,0.0
2021-08-03,0.0
2021-08-04,0.0
2021-08-05,0.009166666666666667
2021-08-06,0.0
2021-08-07,0.25916666666666666
2021-08-08,0.4033333333333333
2021-08-09,0.0
2021-08-10,0.12916666666666668
2021-08-11,0.029166666666666664
2021-08-12,0.0325
2021-08-13,0.10916666666666668
2021-08-14,0.0
2021-08-15,0.0
2021-08-16,0.0
2021-08-17,0.18166666666666667
2021-08-18,0.1708333333333333
2021-08-19,0.19583333333333333
2021-08-20,0.006666666666666667
2021-08-21,0.0
2021-08-22,0.3575
2021-08-23,0.08916666666666667
2021-08-24,0.3466666666666667
2021-08-25,0.12666666666666668
2021-08-26,0.04666666666666667
2021-08-27,0.0025
2021-08-28,0.006666666666666667
2021-08-29,0.0
2021-08-30,0.0
2021-08-31,0.0625
2021-09-01,0.11583333333333334
2021-09-02,0.01
2021-09-03,0.012916666666666668
2021-09-04,0.0
2021-09-05,0.0
2021-09-06,0.09625
2021-09-07,0.5904166666666667
2021-09-08,1.8445833333333335
2021-09-09,0.002916666666666667
2021-09-10,0.19333333333333336
2021-09-11,0.1175
2021-09-12,0.2754166666666667
2021-09-13,0.07166666666666667
2021-09-14,0.8745833333333333
2021-09-15,0.27125
2021-09-16,0.06916666666666667
2021-09-17,0.1025
2021-09-18,0.10708333333333335
2021-09-19,0.0
2021-09-20,0.07333333333333333
2021-09-21,0.04541666666666667
2021-09-22,0.0
2021-09-23,0.0
2021-09-24,0.18083333333333332
2021-09-25,0.14916666666666667
2021-09-26,0.20458333333333334
2021-09-27,0.017083333333333336
2021-09-28,0.0
2021-09-29,0.0
2021-09-30,0.0
2021-10-01,0.0
2021-10-02,0.030000000000000002
2021-10-03,0.34958333333333336
2021-10-04,0.07916666666666666
2021-10-05,0.0
2021-10-06,0.0
2021-10-07,0.0
2021-10-08,0.0
2021-10-09,0.0
2021-10-10,0.0
2021-10-11,0.0
2021-10-12,0.0
2021-10-13,0.0
2021-10-14,0.0
2021-10-15,0.0
2021-10-16,0.0
2021-10-17,0.0
2021-10-18,0.0
2021-10-19,0.0
2021-10-20,0.012916666666666668
2021-10-21,0.0
2021-10-22,0.12708333333333333
2021-10-23,0.19166666666666668
2021-10-24,0.037083333333333336
2021-10-25,0.22375
2021-10-26,0.15208333333333332
2021-10-27,0.002916666666666667
2021-10-28,0.28958333333333336
2021-10-29,0.022500000000000003
2021-10-30,0.05916666666666667
2021-10-31,0.0
2021-11-01,0.09375
2021-11-02,0.0
2021-11-03,0.0
2021-11-04,0.0
2021-11-05,0.024999999999999998
2021-11-06,0.25833333333333336
2021-11-07,0.05833333333333333
2021-11-08,0.0
2021-11-09,0.14166666666666666
2021-11-10,0.18125
2021-11-11,0.075
2021-11-12,0.0
2021-11-13,0.12916666666666668
2021-11-14,0.0
2021-11-15,0.1729166666666667
2021-11-16,0.0062499999999999995
2021-11-17,0.0
2021-11-18,0.45
2021-11-19,0.3541666666666667
2021-11-20,0.03125
2021-11-21,0.0
2021-11-22,0.04791666666666666
2021-11-23,0.0
2021-11-24,0.0
2021-11-25,0.0
2021-11-26,0.010416666666666666
2021-11-27,0.075
2021-11-28,0.0
2021-11-29,0.0
2021-11-30,0.0
2021-12-01,0.0
2021-12-02,0.0
2021-12-03,0.0
2021-12-04,0.46249999999999997
2021-12-05,0.42041666666666666
2021-12-06,0.13541666666666666
2021-12-07,0.057916666666666665
2021-12-08,0.04833333333333333
2021-12-09,0.99125
2021-12-10,0.14958333333333332
2021-12-11,0.04916666666666667
2021-12-12,0.0
2021-12-13,0.0
2021-12-14,0.15833333333333335
2021-12-15,0.0
2021-12-16,0.04791666666666667
2021-12-17,0.009583333333333334
2021-12-18,0.0
2021-12-19,0.1225
2021-12-20,0.020416666666666666
2021-12-21,0.0
2021-12-22,0.01625
2021-12-23,0.0
2021-12-24,0.0
2021-12-25,0.0
2021-12-26,0.055
2021-12-27,0.33375
2021-12-28,0.4141666666666666
2021-12-29,0.01916666666666667
2021-12-30,0.5445833333333333
2021-12-31,0.34125
2022-01-01,0.11416666666666665
2022-01-02,0.017499999999999998
2022-01-03,0.0
2022-01-04,0.07666666666666666
2022-01-05,0.08541666666666665
2022-01-06,0.0
2022-01-07,0.0
2022-01-08,0.0
2022-01-09,0.30666666666666664
2022-01-10,0.25708333333333333
2022-01-11,0.01375
2022-01-12,0.0
2022-01-13,0.0
2022-01-14,0.0
2022-01-15,0.0
2022-01-16,0.0
2022-01-17,0.02625
2022-01-18,0.15708333333333332
2022-01-19,0.0
2022-01-20,0.0
2022-01-21,0.08041666666666666
2022-01-22,0.32541666666666663
2022-01-23,0.16166666666666665
2022-01-24,0.0
2022-01-25,0.0
2022-01-26,0.0
2022-01-27,0.0
2022-01-28,0.0
2022-01-29,0.31083333333333335
2022-01-30,0.37125
2022-01-31,0.0
2022-02-01,0.0
2022-02-02,0.245
2022-02-03,0.0
2022-02-04,0.0
2022-02-05,0.0
2022-02-06,0.0
2022-02-07,0.06916666666666667
2022-02-08,0.6375000000000001
2022-02-09,0.12916666666666668
2022-02-10,0.059166666666666666
2022-02-11,0.38999999999999996
2022-02-12,0.0
2022-02-13,0.5925
2022-02-14,0.10916666666666668
2022-02-15,0.17500000000000002
2022-02-16,0.4583333333333333
2022-02-17,0.16
2022-02-18,0.2175
2022-02-19,0.3983333333333334
2022-02-20,0.13
2022-02-21,0.0
2022-02-22,0.0
2022-02-23,0.0
2022-02-24,0.04
2022-02-25,0.15
2022-02-26,0.0
2022-02-27,0.0
2022-02-28,0.1275
2022-03-01,0.5591666666666667
2022-03-02,0.011666666666666667
2022-03-03,0.15083333333333335
2022-03-04,0.3933333333333333
2022-03-05,0.0
2022-03-06,0.0
2022-03-07,0.0
2022-03-08,0.14833333333333334
2022-03-09,0.021666666666666667
2022-03-10,0.075
2022-03-11,0.015833333333333335
2022-03-12,0.0
2022-03-13,0.0
2022-03-14,0.2708333333333333
2022-03-15,0.01
2022-03-16,0.11666666666666665
2022-03-17,0.035833333333333335
2022-03-18,0.0575
2022-03-19,0.02
2022-03-20,0.0
2022-03-21,0.0
2022-03-22,0.0
2022-03-23,0.030833333333333334
2022-03-24,0.0675
2022-03-25,0.0
2022-03-26,0.22333333333333336
2022-03-27,0.06
2022-03-28,0.059166666666666666
2022-03-29,0.25583333333333336
2022-03-30,0.2025
2022-03-31,0.0
2022-04-01,0.10625000000000001
2022-04-02,0.0
2022-04-03,0.0062499999999999995
2022-04-04,0.06041666666666667
2022-04-05,0.3
2022-04-06,0.03958333333333333
2022-04-07,0.0
2022-04-08,0.0
2022-04-09,0.0
2022-04-10,0.0020833333333333333
2022-04-11,0.18333333333333335
2022-04-12,0.28125
2022-04-13,0.19999999999999998
2022-04-14,0.024999999999999998
2022-04-15,0.08750000000000001
2022-04-16,0.03333333333333333
2022-04-17,0.15625
2022-04-18,0.043750000000000004
2022-04-19,0.0020833333333333333
2022-04-20,0.0
2022-04-21,0.0
2022-04-22,0.0
2022-04-23,0.19375
2022-04-24,0.24375000000000002
2022-04-25,0.0
2022-04-26,0.0
2022-04-27,0.0
2022-04-28,0.024999999999999998
2022-04-29,0.0
2022-04-30,0.041666666666666664
2022-05-01,0.030833333333333334
2022-05-02,0.030833333333333334
2022-05-03,0.07583333333333334
2022-05-04,0.14083333333333334
2022-05-05,0.005
2022-05-06,0.059166666666666666
2022-05-07,0.0
2022-05-08,0.06
2022-05-09,0.0
2022-05-10,0.009166666666666667
2022-05-11,0.07666666666666667
2022-05-12,0.3133333333333333
2022-05-13,0.35916666666666663
2022-05-14,0.0
2022-05-15,0.0
2022-05-16,0.03
2022-05-17,0.13583333333333333
2022-05-18,0.030833333333333334
2022-05-19,0.075
2022-05-20,0.0
2022-05-21,0.16583333333333333
2022-05-22,0.0
2022-05-23,0.0
2022-05-24,0.0
2022-05-25,0.01
2022-05-26,0.0
2022-05-27,0.25916666666666666
2022-05-28,0.21333333333333335
2022-05-29,0.06416666666666666
2022-05-30,1.0
2022-05-31,0.5558333333333333
2022-06-01,0.0
2022-06-02,0.0
2022-06-03,0.006666666666666667
2022-06-04,0.0075
2022-06-05,0.04833333333333334
2022-06-06,0.08416666666666667
2022-06-07,0.0
2022-06-08,0.0
2022-06-09,0.0
2022-06-10,0.06666666666666667
2022-06-11,0.22083333333333333
2022-06-12,0.0
2022-06-13,0.0
2022-06-14,0.011666666666666667
2022-06-15,0.0
2022-06-16,0.0
2022-06-17,0.0
2022-06-18,0.0
2022-06-19,0.0
2022-06-20,0.0
2022-06-21,0.0
2022-06-22,0.0033333333333333335
2022-06-23,0.0
2022-06-24,0.014166666666666668
2022-06-25,0.0
2022-06-26,0.0
2022-06-27,0.0
2022-06-28,0.035833333333333335
2022-06-29,0.0
2022-06-30,0.0
2022-07-01,0.07583333333333334
2022-07-02,0.07875
2022-07-03,0.41333333333333333
2022-07-04,0.23916666666666667
2022-07-05,0.0
2022-07-06,0.0
2022-07-07,0.21708333333333332
2022-07-08,0.17208333333333334
2022-07-09,0.4175
2022-07-10,0.58
2022-07-11,0.165
2022-07-12,0.04916666666666667
2022-07-13,0.3154166666666667
2022-07-14,0.6495833333333333
2022-07-15,0.3441666666666667
2022-07-16,0.21458333333333335
2022-07-17,0.01375
2022-07-18,0.0
2022-07-19,0.0
2022-07-20,0.0
2022-07-21,0.0
2022-07-22,0.0
2022-07-23,0.21041666666666667
2022-07-24,0.6404166666666667
2022-07-25,0.14625
2022-07-26,0.46166666666666667
2022-07-27,0.07875
2022-07-28,0.01625
2022-07-29,0.24416666666666664
2022-07-30,0.020416666666666666
2022-07-31,0.0
2022-08-01,0.0
2022-08-02,0.23124999999999998
2022-08-03,0.012499999999999999
2022-08-04,0.08958333333333333
2022-08-05,0.6854166666666667
2022-08-06,0.03125
2022-08-07,0.02291666666666667
2022-08-08,0.04791666666666666
2022-08-09,0.0
2022-08-10,0.0
2022-08-11,0.0
2022-08-12,0.0
2022-08-13,0.0
2022-08-14,0.0
2022-08-15,0.008333333333333333
2022-08-16,0.0
2022-08-17,0.020833333333333332
2022-08-18,0.13541666666666666
2022-08-19,0.0062499999999999995
2022-08-20,0.01875
2022-08-21,1.1479166666666667
2022-08-22,0.0
2022-08-23,0.0
2022-08-24,0.0
2022-08-25,0.0
2022-08-26,0.0
2022-08-27,0.7458333333333332
2022-08-28,0.008333333333333333
2022-08-29,0.0
2022-08-30,0.10833333333333334
2022-08-31,0.4270833333333333
2022-09-01,0.016666666666666666
2022-09-02,0.10833333333333334
2022-09-03,0.1625
2022-09-04,0.043750000000000004
2022-09-05,0.0062499999999999995
2022-09-06,0.34791666666666665
2022-09-07,0.27291666666666664
2022-09-08,0.0
2022-09-09,0.0
2022-09-10,0.0
2022-09-11,0.0
2022-09-12,0.0
2022-09-13,0.11458333333333333
2022-09-14,0.0
2022-09-15,0.0
2022-09-16,0.041666666666666664
2022-09-17,0.0
2022-09-18,0.0
2022-09-19,0.0020833333333333333
2022-09-20,0.6354166666666666
2022-09-21,0.5895833333333333
2022-09-22,0.0
2022-09-23,0.0
2022-09-24,0.0
2022-09-25,0.010416666666666666
2022-09-26,0.0
2022-09-27,0.016666666666666666
2022-09-28,0.0
2022-09-29,0.0
2022-09-30,0.5708333333333333
2022-10-01,0.2383333333333333
2022-10-02,0.09249999999999999
2022-10-03,0.006666666666666667
2022-10-04,0.0075
2022-10-05,0.03
2022-10-06,0.05583333333333334
2022-10-07,0.021666666666666667
2022-10-08,0.19083333333333333
2022-10-09,0.2891666666666666
2022-10-10,0.24750000000000003
2022-10-11,0.6816666666666666
2022-10-12,0.1325
2022-10-13,0.48833333333333334
2022-10-14,0.006666666666666667
2022-10-15,0.03
2022-10-16,0.03166666666666667
2022-10-17,0.0
2022-10-18,0.0
2022-10-19,0.08999999999999998
2022-10-20,0.0
2022-10-21,0.0
2022-10-22,0.0
2022-10-23,0.0
2022-10-24,0.025833333333333333
2022-10-25,0.0
2022-10-26,0.1975
2022-10-27,0.0
2022-10-28,0.0
2022-10-29,0.055
2022-10-30,0.0033333333333333335
2022-10-31,0.535
2022-11-01,0.020416666666666666
2022-11-02,0.023333333333333334
2022-11-03,0.5958333333333333
2022-11-04,0.08666666666666667
2022-11-05,0.0
2022-11-06,0.47458333333333336
2022-11-07,0.06583333333333334
2022-11-08,0.0275
2022-11-09,0.03833333333333334
2022-11-10,0.015
2022-11-11,0.0
2022-11-12,0.09625
2022-11-13,0.27875
2022-11-14,0.45708333333333334
2022-11-15,0.0
2022-11-16,0.0
2022-11-17,0.37708333333333327
2022-11-18,0.0
2022-11-19,0.09083333333333334
2022-11-20,0.015
2022-11-21,0.1391666666666667
2022-11-22,0.19875
2022-11-23,0.3145833333333333
2022-11-24,0.19291666666666665
2022-11-25,0.08583333333333333
2022-11-26,0.3120833333333333
2022-11-27,0.015
2022-11-28,0.12958333333333336
2022-11-29,0.0
2022-11-30,0.0
2022-12-01,0.005416666666666667
2022-12-02,0.11375
2022-12-03,0.005416666666666667
2022-12-04,0.08
2022-12-05,0.0
2022-12-06,0.17416666666666666
2022-12-07,0.06999999999999999
2022-12-08,0.6991666666666667
2022-12-09,0.0
2022-12-10,0.03833333333333334
2022-12-11,0.0
2022-12-12,0.0
2022-12-13,0.0
2022-12-14,0.12458333333333334
2022-12-15,0.16541666666666668
2022-12-16,0.11375
2022-12-17,0.12708333333333335
2022-12-18,0.0
2022-12-19,0.10041666666666667
2022-12-20,0.0
2022-12-21,0.0
2022-12-22,0.0
2022-12-23,0.0
2022-12-24,0.06166666666666667
2022-12-25,0.4675
2022-12-26,0.05083333333333334
2022-12-27,0.005416666666666667
2022-12-28,0.07958333333333334
2022-12-29,0.06291666666666666
2022-12-30,0.06416666666666666
2022-12-31,0.0
2023-01-01,0.09000000000000001
2023-01-02,0.4266666666666667
2023-01-03,0.33125
2023-01-04,0.5191666666666667
2023-01-05,0.16374999999999998
2023-01-06,0.0
2023-01-07,0.0
2023-01-08,0.0
2023-01-09,0.0
2023-01-10,0.0
2023-01-11,0.0
2023-01-12,0.0
2023-01-13,0.07833333333333332
2023-01-14,0.03166666666666667
2023-01-15,0.0
2023-01-16,0.034999999999999996
2023-01-17,0.0
2023-01-18,0.0
2023-01-19,0.022083333333333333
2023-01-20,0.0
2023-01-21,0.29833333333333334
2023-01-22,0.08625
2023-01-23,0.18041666666666667
2023-01-24,0.043333333333333335
2023-01-25,0.0
2023-01-26,0.08374999999999999
2023-01-27,0.20791666666666667
2023-01-28,0.17041666666666666
2023-01-29,0.3879166666666667
2023-01-30,0.20666666666666667
2023-01-31,0.02625
2023-02-01,0.009583333333333334
2023-02-02,0.12666666666666668
2023-02-03,0.8258333333333333
2023-02-04,0.33416666666666667
2023-02-05,0.28791666666666665
2023-02-06,0.11291666666666667
2023-02-07,0.0
2023-02-08,0.0
2023-02-09,0.0
2023-02-10,0.0
2023-02-11,0.0
2023-02-12,0.0
2023-02-13,0.0
2023-02-14,0.0
2023-02-15,0.0
2023-02-16,0.0
2023-02-17,0.0
2023-02-18,0.0
2023-02-19,0.0
2023-02-20,0.0
2023-02-21,0.0
2023-02-22,0.0
2023-02-23,0.0
2023-02-24,0.0
2023-02-25,0.0
2023-02-26,0.0
2023-02-27,0.0
2023-02-28,0.0
2023-03-01,0.26
2023-03-02,0.4216666666666667
2023-03-03,0.245
2023-03-04,0.0
2023-03-05,0.0
2023-03-06,0.31666666666666665
2023-03-07,0.0
2023-03-08,0.0
2023-03-09,0.0
2023-03-10,0.0
2023-03-11,0.0
2023-03-12,0.17
2023-03-13,0.01
2023-03-14,0.0
2023-03-15,0.0
2023-03-16,0.0
2023-03-17,0.0
2023-03-18,0.0
2023-03-19,0.0
2023-03-20,0.0
2023-03-21,0.0
2023-03-22,0.0
2023-03-23,0.0
2023-03-24,0.0
2023-03-25,0.0
2023-03-26,0.0
2023-03-27,0.0
2023-03-28,0.0
2023-03-29,0.0
2023-03-30,0.0
2023-03-31,0.0
2023-04-01,0.0008333333333333334
2023-04-02,0.42416666666666664
2023-04-03,0.0016666666666666668
2023-04-04,0.0
2023-04-05,0.0
2023-04-06,0.0
2023-04-07,0.01
2023-04-08,0.0
2023-04-09,0.0
2023-04-10,0.20083333333333334
2023-04-11,0.0
2023-04-12,0.0725
2023-04-13,0.0
2023-04-14,0.0
2023-04-15,0.0
2023-04-16,0.0
2023-04-17,0.0
2023-04-18,0.0
2023-04-19,0.0
2023-04-20,0.028333333333333335
2023-04-21,0.12666666666666668
2023-04-22,0.11583333333333333
2023-04-23,0.0
2023-04-24,0.0
2023-04-25,0.005
2023-04-26,0.155
2023-04-27,0.017499999999999998
2023-04-28,0.0
2023-04-29,0.20166666666666666
2023-04-30,0.5975
2023-05-01,0.0
2023-05-02,0.12583333333333332
2023-05-03,0.021666666666666667
2023-05-04,0.0
2023-05-05,0.0
2023-05-06,0.021666666666666667
2023-05-07,0.017499999999999998
2023-05-08,0.3133333333333333
2023-05-09,0.08333333333333333
2023-05-10,0.0
2023-05-11,0.06416666666666666
2023-05-12,0.1325
2023-05-13,0.2175
2023-05-14,0.0425
2023-05-15,0.014166666666666666
2023-05-16,0.0
2023-05-17,0.05833333333333333
2023-05-18,0.21166666666666667
2023-05-19,0.27499999999999997
2023-05-20,0.1975
2023-05-21,0.08166666666666667
2023-05-22,0.26416666666666666
2023-05-23,0.0
2023-05-24,0.2775
2023-05-25,0.14833333333333334
2023-05-26,0.019166666666666665
2023-05-27,0.005
2023-05-28,0.015
2023-05-29,0.034999999999999996
2023-05-30,0.0
2023-05-31,0.030833333333333334
2023-06-01,0.0
2023-06-02,0.09833333333333333
2023-06-03,0.015833333333333335
2023-06-04,0.0
2023-06-05,0.0
2023-06-06,0.024583333333333332
2023-06-07,0.007916666666666667
2023-06-08,0.00375
2023-06-09,0.0
2023-06-10,0.0
2023-06-11,0.0
2023-06-12,0.17291666666666664
2023-06-13,0.02
2023-06-14,0.16458333333333333
2023-06-15,0.08208333333333333
2023-06-16,0.0
2023-06-17,0.028333333333333332
2023-06-18,0.05666666666666667
2023-06-19,0.0
2023-06-20,0.0
2023-06-21,0.0
2023-06-22,0.0
2023-06-23,0.057916666666666665
2023-06-24,0.17791666666666664
2023-06-25,0.007916666666666667
2023-06-26,0.057499999999999996
2023-06-27,0.00375
2023-06-28,0.0
2023-06-29,0.0
2023-06-30,0.08541666666666665
2023-07-01,0.6416666666666667
2023-07-02,0.0625
2023-07-03,0.325
2023-07-04,0.45
2023-07-05,0.0062499999999999995
2023-07-06,0.0
2023-07-07,0.0
2023-07-08,0.0
2023-07-09,0.0
2023-07-10,0.0
2023-07-11,0.0
2023-07-12,0.010416666666666666
2023-07-13,0.0
2023-07-14,0.0
2023-07-15,0.04791666666666666
2023-07-16,0.14583333333333334
2023-07-17,0.03958333333333333
2023-07-18,0.0
2023-07-19,0.0
2023-07-20,0.02291666666666667
2023-07-21,0.2604166666666667
2023-07-22,0.08750000000000001
2023-07-23,0.09166666666666666
2023-07-24,0.14583333333333334
2023-07-25,0.0
2023-07-26,0.0
2023-07-27,0.39166666666666666
2023-07-28,0.024999999999999998
2023-07-29,0.0
2023-07-30,0.08750000000000001
2023-07-31,0.225
2023-08-01,0.0
2023-08-02,0.0
2023-08-03,0.0
2023-08-04,0.0
2023-08-05,0.0
2023-08-06,0.0
2023-08-07,0.06833333333333333
2023-08-08,0.0
2023-08-09,0.0
2023-08-10,0.0
2023-08-11,0.0
2023-08-12,0.0
2023-08-13,0.009166666666666667
2023-08-14,0.035833333333333335
2023-08-15,0.2833333333333333
2023-08-16,0.0016666666666666668
2023-08-17,0.08416666666666667
2023-08-18,0.0325
2023-08-19,0.0
2023-08-20,0.019166666666666665
2023-08-21,0.024166666666666666
2023-08-22,0.0
2023-08-23,0.0
2023-08-24,0.0
2023-08-25,0.0
2023-08-26,0.0
2023-08-27,0.0
2023-08-28,0.16166666666666665
2023-08-29,0.09000000000000001
2023-08-30,0.10333333333333333
2023-08-31,0.11916666666666666
2023-09-01,0.0
2023-09-02,0.0
2023-09-03,0.0
2023-09-04,0.0
2023-09-05,0.007916666666666667
2023-09-06,0.04083333333333333
2023-09-07,0.16416666666666668
2023-09-08,0.13999999999999999
2023-09-09,0.0075
2023-09-10,0.00375
2023-09-11,0.13916666666666666
2023-09-12,0.0
2023-09-13,0.0
2023-09-14,0.0
2023-09-15,0.0
2023-09-16,0.0
2023-09-17,0.0
2023-09-18,0.0
2023-09-19,0.0
2023-09-20,0.0
2023-09-21,0.0
2023-09-22,0.0
2023-09-23,0.08125
2023-09-24,0.0
2023-09-25,0.0
2023-09-26,0.0
2023-09-27,0.0
2023-09-28,0.3145833333333333
2023-09-29,0.015833333333333335
2023-09-30,0.0
2023-10-01,0.2891666666666667
2023-10-02,0.022500000000000003
2023-10-03,0.27416666666666667
2023-10-04,0.45916666666666667
2023-10-05,0.3958333333333333
2023-10-06,0.09250000000000001
2023-10-07,1.0250000000000001
2023-10-08,0.03333333333333333
2023-10-09,0.20083333333333334
2023-10-10,0.006666666666666667
2023-10-11,0.0
2023-10-12,0.0
2023-10-13,0.0
2023-10-14,0.0
2023-10-15,0.0
2023-10-16,0.0
2023-10-17,0.0
2023-10-18,0.0
2023-10-19,0.0275
2023-10-20,0.5766666666666667
2023-10-21,0.5716666666666667
2023-10-22,0.0
2023-10-23,0.37999999999999995
2023-10-24,0.006666666666666667
2023-10-25,0.0
2023-10-26,0.0
2023-10-27,0.0
2023-10-28,0.0
2023-10-29,0.17833333333333334
2023-10-30,0.37916666666666665
2023-10-31,0.3741666666666667
2023-11-01,0.29083333333333333
2023-11-02,0.0
2023-11-03,0.15083333333333332
2023-11-04,0.0
2023-11-05,0.0
2023-11-06,0.0
2023-11-07,0.0
2023-11-08,0.0
2023-11-09,0.0
2023-11-10,0.0
2023-11-11,0.0
2023-11-12,0.05583333333333334
2023-11-13,0.27166666666666667
2023-11-14,0.06166666666666667
2023-11-15,0.0
2023-11-16,0.44
2023-11-17,0.13749999999999998
2023-11-18,0.021666666666666667
2023-11-19,0.0
2023-11-20,0.0
2023-11-21,0.0
2023-11-22,0.0
2023-11-23,0.0
2023-11-24,0.0
2023-11-25,0.010833333333333334
2023-11-26,0.0
2023-11-27,0.6708333333333334
2023-11-28,0.6975000000000001
2023-11-29,0.0175
2023-11-30,0.0525
2023-12-01,0.0
2023-12-02,0.0
2023-12-03,0.0
2023-12-04,0.0
2023-12-05,0.0
2023-12-06,0.0275
2023-12-07,0.0
2023-12-08,0.0
2023-12-09,0.0
2023-12-10,0.0
2023-12-11,0.057499999999999996
2023-12-12,0.03666666666666667
2023-12-13,0.005833333333333334
2023-12-14,0.32416666666666666
2023-12-15,0.2575
2023-12-16,0.04
2023-12-17,0.0
2023-12-18,0.0
2023-12-19,0.0
2023-12-20,0.06250000000000001
2023-12-21,0.5233333333333333
2023-12-22,0.11
2023-12-23,0.0
2023-12-24,0.0
2023-12-25,0.0
2023-12-26,0.0
2023-12-27,0.05666666666666667
2023-12-28,0.10583333333333333
2023-12-29,0.0
2023-12-30,0.0275
2023-12-31,0.16333333333333333
2024-01-01,0.0
2024-01-02,0.04
2024-01-03,0.0
2024-01-04,0.0
2024-01-05,0.0
2024-01-06,0.40375
2024-01-07,0.3229166666666667
2024-01-08,0.07708333333333332
2024-01-09,0.7145833333333332
2024-01-10,0.0775
2024-01-11,0.2579166666666667
2024-01-12,0.21541666666666667
2024-01-13,0.09125
2024-01-14,0.008749999999999999
2024-01-15,0.09833333333333333
2024-01-16,0.0
2024-01-17,0.0
2024-01-18,0.0
2024-01-19,0.09666666666666666
2024-01-20,0.06541666666666666
2024-01-21,0.0
2024-01-22,0.0
2024-01-23,0.0
2024-01-24,0.0
2024-01-25,0.035416666666666666
2024-01-26,0.14791666666666667
2024-01-27,0.0
2024-01-28,0.0
2024-01-29,0.0
2024-01-30,0.0
2024-01-31,0.0
2024-02-01,0.0
2024-02-02,0.0
2024-02-03,0.07291666666666667
2024-02-04,0.007916666666666667
2024-02-05,0.0
2024-02-06,0.0
2024-02-07,0.0
2024-02-08,0.0
2024-02-09,0.0
2024-02-10,0.0
2024-02-11,0.0
2024-02-12,0.007916666666666667
2024-02-13,0.04
2024-02-14,0.0
2024-02-15,0.3145833333333333
2024-02-16,0.0
2024-02-17,0.0
2024-02-18,0.0
2024-02-19,0.0
2024-02-20,0.5033333333333333
2024-02-21,0.235
2024-02-22,0.0
2024-02-23,0.0
2024-02-24,0.18125
2024-02-25,0.051666666666666666
2024-02-26,0.32166666666666666
2024-02-27,0.17416666666666666
2024-02-28,0.023750000000000004
2024-02-29,0.0
2024-03-01,0.0
2024-03-02,0.0
2024-03-03,0.0
2024-03-04,0.0
2024-03-05,0.0
2024-03-06,0.0
2024-03-07,0.0
2024-03-08,0.0
2024-03-09,0.0
2024-03-10,0.0
2024-03-11,0.0
2024-03-12,0.0
2024-03-13,0.07666666666666667
2024-03-14,0.0
2024-03-15,0.0
2024-03-16,0.09749999999999999
2024-03-17,0.3829166666666666
2024-03-18,0.125
2024-03-19,0.48583333333333334
2024-03-20,0.0
2024-03-21,0.0
2024-03-22,0.0
2024-03-23,0.0
2024-03-24,0.0
2024-03-25,0.0
2024-03-26,0.06874999999999999
2024-03-27,0.20416666666666664
2024-03-28,0.13
2024-03-29,0.0
2024-03-30,0.09333333333333332
2024-03-31,0.10583333333333333
2024-04-01,0.0
2024-04-02,0.0
2024-04-03,0.0
2024-04-04,0.12916666666666668
2024-04-05,0.0
2024-04-06,0.0
2024-04-07,0.0
2024-04-08,0.0
2024-04-09,0.0
2024-04-10,0.0
2024-04-11,0.0
2024-04-12,0.027083333333333334
2024-04-13,0.0
2024-04-14,0.0
2024-04-15,0.0
2024-04-16,0.0
2024-04-17,0.0
2024-04-18,0.0
2024-04-19,0.0
2024-04-20,0.0
2024-04-21,0.0
2024-04-22,0.0
2024-04-23,0.0
2024-04-24,0.0
2024-04-25,0.0
2024-04-26,0.0
2024-04-27,0.0
2024-04-28,0.0
2024-04-29,0.0
2024-04-30,0.0
2024-05-01,0.07291666666666667
2024-05-02,0.0
2024-05-03,0.05416666666666667
2024-05-04,0.0
2024-05-05,0.0
2024-05-06,0.0
2024-05-07,0.0
2024-05-08,0.0
2024-05-09,0.0
2024-05-10,0.0
2024-05-11,0.09166666666666667
2024-05-12,0.15625
2024-05-13,0.0
2024-05-14,0.23750000000000002
2024-05-15,0.08125
2024-05-16,0.0
2024-05-17,0.0
2024-05-18,0.0
2024-05-19,0.03958333333333333
2024-05-20,0.04583333333333334
2024-05-21,0.020833333333333332
2024-05-22,0.025000000000000005
2024-05-23,0.0
2024-05-24,0.0
2024-05-25,0.0
2024-05-26,0.010416666666666666
2024-05-27,0.16666666666666666
2024-05-28,0.0
2024-05-29,0.0
2024-05-30,0.0
2024-05-31,0.9145833333333333
2024-06-01,0.23333333333333336
2024-06-02,0.0
2024-06-03,0.0
2024-06-04,0.19166666666666665
2024-06-05,0.016666666666666666
2024-06-06,0.07291666666666667
2024-06-07,0.07083333333333333
2024-06-08,0.44166666666666665
2024-06-09,0.043750000000000004
2024-06-10,0.008333333333333333
2024-06-11,0.004166666666666667
2024-06-12,0.0
2024-06-13,0.016666666666666666
2024-06-14,0.10416666666666667
2024-06-15,0.0
2024-06-16,0.09791666666666667
2024-06-17,0.36874999999999997
2024-06-18,0.09583333333333333
2024-06-19,0.04583333333333334
2024-06-20,0.012499999999999999
2024-06-21,0.0
2024-06-22,0.07083333333333333
2024-06-23,0.02916666666666667
2024-06-24,0.0
2024-06-25,0.0
2024-06-26,0.0
2024-06-27,0.0
2024-06-28,0.0
2024-06-29,0.5270833333333333
2024-06-30,0.04791666666666666
2024-07-01,0.02916666666666667
2024-07-02,0.0
2024-07-03,0.0
2024-07-04,0.0
2024-07-05,0.0
2024-07-06,0.0
2024-07-07,0.5566666666666666
2024-07-08,0.2816666666666667
2024-07-09,0.03
2024-07-10,0.2891666666666666
2024-07-11,0.0
2024-07-12,0.075
2024-07-13,1.4108333333333334
2024-07-14,0.01
2024-07-15,0.0
2024-07-16,0.0
2024-07-17,0.77
2024-07-18,0.0275
2024-07-19,0.2575
2024-07-20,0.33249999999999996
2024-07-21,0.22416666666666665
2024-07-22,0.1575
2024-07-23,0.145
2024-07-24,0.08333333333333333
2024-07-25,0.0
2024-07-26,0.005833333333333334
2024-07-27,0.14833333333333334
2024-07-28,0.10666666666666667
2024-07-29,0.056666666666666664
2024-07-30,0.0
2024-07-31,0.0
2024-08-01,0.0
2024-08-02,0.0
2024-08-03,0.07916666666666666
2024-08-04,0.0
2024-08-05,0.1708333333333333
2024-08-06,0.2625
2024-08-07,0.24375
2024-08-08,0.004166666666666667
2024-08-09,0.03541666666666667
2024-08-10,0.0
2024-08-11,0.0
2024-08-12,0.0
2024-08-13,0.0
2024-08-14,0.056249999999999994
2024-08-15,0.2041666666666667
2024-08-16,0.008333333333333333
2024-08-17,0.0
2024-08-18,0.0020833333333333333
2024-08-19,0.008333333333333333
2024-08-20,0.0
2024-08-21,0.0
2024-08-22,0.03958333333333333
2024-08-23,0.06041666666666667
2024-08-24,0.2604166666666667
2024-08-25,0.10833333333333334
2024-08-26,0.5604166666666667
2024-08-27,0.15208333333333332
2024-08-28,0.0
2024-08-29,0.0
2024-08-30,0.0
2024-08-31,0.0
2024-09-01,0.0175
2024-09-02,0.07583333333333334
2024-09-03,0.25916666666666666
2024-09-04,0.28250000000000003
2024-09-05,0.03916666666666666
2024-09-06,0.0
2024-09-07,0.0575
2024-09-08,0.0016666666666666668
2024-09-09,0.023333333333333334
2024-09-10,0.0
2024-09-11,0.2125
2024-09-12,0.0016666666666666668
2024-09-13,0.007500000000000001
2024-09-14,0.03166666666666667
2024-09-15,0.0
2024-09-16,0.021666666666666667
2024-09-17,0.11583333333333334
2024-09-18,0.3925
2024-09-19,0.04833333333333333
2024-09-20,0.0
2024-09-21,0.0
2024-09-22,0.0
2024-09-23,0.0
2024-09-24,0.0
2024-09-25,0.0
2024-09-26,0.0
2024-09-27,0.0
2024-09-28,0.0
2024-09-29,0.0
2024-09-30,0.0
2024-10-01,0.0
2024-10-02,0.0
2024-10-03,0.0
2024-10-04,0.0
2024-10-05,0.0
2024-10-06,0.355
2024-10-07,0.10291666666666667
2024-10-08,0.4291666666666667
2024-10-09,0.25458333333333333
2024-10-10,0.3383333333333334
2024-10-11,0.0
2024-10-12,0.002916666666666667
2024-10-13,0.0625
2024-10-14,0.0
2024-10-15,0.0
2024-10-16,0.0
2024-10-17,0.0
2024-10-18,0.0
2024-10-19,0.7287500000000001
2024-10-20,0.01
2024-10-21,0.0
2024-10-22,0.0
2024-10-23,0.0
2024-10-24,0.002916666666666667
2024-10-25,0.05625
2024-10-26,0.03791666666666667
2024-10-27,0.0
2024-10-28,0.0
2024-10-29,0.0
2024-10-30,0.0
2024-10-31,0.0
2024-11-01,0.04416666666666667
2024-11-02,0.06
2024-11-03,0.015833333333333335
2024-11-04,0.13916666666666666
2024-11-05,0.0275
2024-11-06,0.0
2024-11-07,0.24
2024-11-08,0.011666666666666667
2024-11-09,0.0
2024-11-10,0.0
2024-11-11,0.0
2024-11-12,0.0
2024-11-13,0.0
2024-11-14,0.0
2024-11-15,0.0
2024-11-16,0.0
2024-11-17,0.0
2024-11-18,0.0
2024-11-19,0.0
2024-11-20,0.0
2024-11-21,0.0
2024-11-22,0.0
2024-11-23,0.0
2024-11-24,0.0
2024-11-25,0.0
2024-11-26,0.035
2024-11-27,0.0
2024-11-28,0.0
2024-11-29,0.0
2024-11-30,0.0275
2024-12-01,0.0
2024-12-02,0.30583333333333335
2024-12-03,0.14625
2024-12-04,0.35791666666666666
2024-12-05,0.5916666666666667
2024-12-06,0.40166666666666667
2024-12-07,0.7329166666666667
2024-12-08,0.022083333333333333
2024-12-09,0.32708333333333334
2024-12-10,0.53
2024-12-11,0.0
2024-12-12,0.3
2024-12-13,0.01375
2024-12-14,0.20541666666666666
2024-12-15,0.245
2024-12-16,1.1466666666666667
2024-12-17,0.15958333333333333
2024-12-18,0.23083333333333333
2024-12-19,0.11499999999999999
2024-12-20,0.3020833333333333
2024-12-21,0.28375
2024-12-22,0.5095833333333334
2024-12-23,0.022083333333333333
2024-12-24,0.29791666666666666
2024-12-25,0.0
2024-12-26,0.0
2024-12-27,0.0
2024-12-28,0.004583333333333333
2024-12-29,0.08625
2024-12-30,0.5158333333333334
2024-12-31,0.5929166666666666
2025-01-01,0.06125
2025-01-02,0.28833333333333333
2025-01-03,0.034999999999999996
2025-01-04,0.69625
2025-01-05,0.22791666666666668
2025-01-06,0.0
2025-01-07,0.0
2025-01-08,0.0
2025-01-09,0.08916666666666666
2025-01-10,0.11
2025-01-11,0.08291666666666667
2025-01-12,0.0
2025-01-13,0.14416666666666667
2025-01-14,0.09583333333333333
2025-01-15,0.0
2025-01-16,0.53125
2025-01-17,0.030416666666666665
2025-01-18,0.0
2025-01-19,0.0
2025-01-20,0.11041666666666666
2025-01-21,0.13083333333333333
2025-01-22,0.0
2025-01-23,0.16333333333333333
2025-01-24,0.16666666666666666
2025-01-25,0.004583333333333333
2025-01-26,0.30416666666666664
2025-01-27,0.15083333333333335
2025-01-28,0.0
2025-01-29,0.0
2025-01-30,0.0
2025-01-31,0.0
2025-02-01,0.1875
2025-02-02,0.21041666666666667
2025-02-03,0.0
2025-02-04,0.06874999999999999
2025-02-05,0.07916666666666666
2025-02-06,0.0
2025-02-07,0.26666666666666666
2025-02-08,0.25625
2025-02-09,0.027083333333333334
2025-02-10,0.3354166666666667
2025-02-11,0.035416666666666666
2025-02-12,0.020833333333333332
2025-02-13,0.5750000000000001
2025-02-14,0.0
2025-02-15,0.7104166666666667
2025-02-16,0.03958333333333333
2025-02-17,0.0
2025-02-18,0.0
2025-02-19,0.016666666666666666
2025-02-20,0.0375
2025-02-21,0.20625000000000002
2025-02-22,0.13958333333333334
2025-02-23,0.0
2025-02-24,0.0
2025-02-25,0.035416666666666666
2025-02-26,0.5395833333333333
2025-02-27,0.19791666666666666
2025-02-28,0.16874999999999998
2025-03-01,0.010833333333333334
2025-03-02,0.0
2025-03-03,0.14
2025-03-04,0.0
2025-03-05,0.0
2025-03-06,0.0
2025-03-07,0.0
2025-03-08,0.0
2025-03-09,0.0
2025-03-10,0.0
2025-03-11,0.0
2025-03-12,0.0
2025-03-13,0.0
2025-03-14,0.0
2025-03-15,0.03666666666666667
2025-03-16,0.0
2025-03-17,0.0
2025-03-18,0.0
2025-03-19,0.0
2025-03-20,0.0
2025-03-21,0.0
2025-03-22,0.7008333333333333
2025-03-23,0.16083333333333333
2025-03-24,0.1625
2025-03-25,0.010833333333333334
2025-03-26,0.015
2025-03-27,0.0
2025-03-28,0.0
2025-03-29,0.0
2025-03-30,0.0
2025-03-31,0.0
2025-04-01,0.0
2025-04-02,0.0
2025-04-03,0.005416666666666667
2025-04-04,0.0
2025-04-05,0.05458333333333334
2025-04-06,0.0
2025-04-07,0.0
2025-04-08,0.05458333333333334
2025-04-09,0.0
2025-04-10,0.0
2025-04-11,0.0
2025-04-12,0.0
2025-04-13,0.0
2025-04-14,0.0
2025-04-15,0.0
2025-04-16,0.0
2025-04-17,0.0
2025-04-18,0.14416666666666667
2025-04-19,0.03416666666666667
2025-04-20,0.0
2025-04-21,0.03958333333333334
2025-04-22,0.009583333333333334
2025-04-23,0.005416666666666667
2025-04-24,0.0
2025-04-25,0.09875
2025-04-26,0.19583333333333333
2025-04-27,0.33208333333333334
2025-04-28,0.43041666666666667
2025-04-29,0.0375
2025-04-30,0.21833333333333335
2025-05-01,0.16666666666666666
2025-05-02,0.11416666666666665
2025-05-03,0.019166666666666665
2025-05-04,0.0
2025-05-05,0.0
2025-05-06,0.014166666666666666
2025-05-07,0.18000000000000002
2025-05-08,0.057499999999999996
2025-05-09,0.08416666666666667
2025-05-10,0.10333333333333333
2025-05-11,0.07833333333333334
2025-05-12,0.11083333333333334
2025-05-13,0.1325
2025-05-14,0.15583333333333332
2025-05-15,0.050833333333333335
2025-05-16,0.0
2025-05-17,0.0
2025-05-18,0.0
2025-05-19,0.0
2025-05-20,0.0
2025-05-21,0.0
2025-05-22,0.57
2025-05-23,0.3625
2025-05-24,0.1825
2025-05-25,0.03916666666666666
2025-05-26,0.049166666666666664
2025-05-27,0.11416666666666665
2025-05-28,0.005
2025-05-29,0.14166666666666666
2025-05-30,0.0
2025-05-31,0.0
2025-06-01,0.005
2025-06-02,0.07708333333333334
2025-06-03,0.010833333333333334
2025-06-04,0.2004166666666667
2025-06-05,0.0
2025-06-06,0.0
2025-06-07,0.0
2025-06-08,0.0
2025-06-09,0.010833333333333334
2025-06-10,0.0
2025-06-11,0.023333333333333334
2025-06-12,0.16208333333333333
2025-06-13,0.0
2025-06-14,0.0
2025-06-15,0.0
2025-06-16,0.0
2025-06-17,0.0
2025-06-18,0.09249999999999999
2025-06-19,0.0
2025-06-20,0.00125
2025-06-21,0.0
2025-06-22,0.0
2025-06-23,0.18333333333333335
2025-06-24,0.3333333333333333
2025-06-25,0.0
2025-06-26,0.0
2025-06-27,0.00125
2025-06-28,0.6262500000000001
2025-06-29,0.09541666666666666
2025-06-30,0.05416666666666667
2025-07-01,0.0
2025-07-02,0.18000000000000002
2025-07-03,0.0
2025-07-04,0.06999999999999999
2025-07-05,0.09916666666666667
2025-07-06,0.18833333333333335
2025-07-07,0.5133333333333333
2025-07-08,0.39166666666666666
2025-07-09,0.5491666666666667
2025-07-10,0.32916666666666666
2025-07-11,0.3858333333333333
2025-07-12,0.18833333333333335
2025-07-13,0.16166666666666665
2025-07-14,0.12166666666666666
2025-07-15,0.0
2025-07-16,0.0
2025-07-17,0.0
2025-07-18,0.0
2025-07-19,0.0
2025-07-20,0.7058333333333334
2025-07-21,0.6974999999999999
2025-07-22,1.3191666666666666
2025-07-23,0.0
2025-07-24,0.0
2025-07-25,0.023333333333333334
2025-07-26,0.265
2025-07-27,0.06
2025-07-28,0.7374999999999999
2025-07-29,0.5191666666666667
2025-07-30,0.5116666666666667
2025-07-31,0.005
2025-08-01,0.0
2025-08-02,0.11958333333333333
2025-08-03,0.16208333333333333
2025-08-04,0.27375
2025-08-05,0.002916666666666667
2025-08-06,0.005833333333333334
2025-08-07,0.18625
2025-08-08,0.007083333333333334
2025-08-09,0.13
2025-08-10,0.08541666666666665
2025-08-11,0.09708333333333334
2025-08-12,0.0
2025-08-13,0.4825
2025-08-14,0.02291666666666667
2025-08-15,0.22999999999999998
2025-08-16,0.08208333333333334
2025-08-17,0.0
2025-08-18,0.0
2025-08-19,0.0
2025-08-20,0.05125
2025-08-21,0.01
2025-08-22,0.0
2025-08-23,0.06624999999999999
2025-08-24,0.018333333333333337
2025-08-25,0.05625
2025-08-26,0.41583333333333333
2025-08-27,0.08
2025-08-28,0.0
2025-08-29,0.08333333333333333
2025-08-30,0.002916666666666667
2025-08-31,0.12958333333333333
2025-09-01,0.005833333333333334
2025-09-02,0.005833333333333334
2025-09-03,0.0
2025-09-04,0.0
2025-09-05,0.021666666666666667
2025-09-06,0.0
2025-09-07,0.0033333333333333335
2025-09-08,0.18666666666666668
2025-09-09,0.041666666666666664
2025-09-10,0.07250000000000001
2025-09-11,0.0
2025-09-12,0.1075
2025-09-13,0.06083333333333334
2025-09-14,0.007500000000000001
2025-09-15,0.0
2025-09-16,0.0
2025-09-17,0.0
2025-09-18,0.028333333333333332
2025-09-19,0.005833333333333334
2025-09-20,0.06166666666666667
2025-09-21,0.3275
2025-09-22,0.0
2025-09-23,0.0
2025-09-24,0.09750000000000002
2025-09-25,0.045000000000000005
2025-09-26,0.0
2025-09-27,0.0
2025-09-28,0.0
2025-09-29,0.0
2025-09-30,0.02
2025-10-01,0.015000000000000001
2025-10-02,0.0
2025-10-03,0.0
2025-10-04,0.0
2025-10-05,0.035
2025-10-06,0.010833333333333334
2025-10-07,0.22333333333333336
2025-10-08,0.18083333333333332
2025-10-09,0.18166666666666667
2025-10-10,0.5633333333333334
2025-10-11,0.25916666666666666
2025-10-12,0.010833333333333334
2025-10-13,0.04583333333333334
2025-10-14,0.0
2025-10-15,0.215
2025-10-16,0.13999999999999999
2025-10-17,0.6066666666666667
2025-10-18,0.0
2025-10-19,0.0
2025-10-20,0.14
2025-10-21,0.2683333333333333
2025-10-22,0.09666666666666666
2025-10-23,0.05333333333333334
2025-10-24,0.0033333333333333335
2025-10-25,0.04833333333333333
2025-10-26,0.0
2025-10-27,0.0
2025-10-28,0.0
2025-10-29,0.0075
2025-10-30,0.0
2025-10-31,0.0
2025-11-01,0.0
2025-11-02,0.0
2025-11-03,0.035833333333333335
2025-11-04,0.4475
2025-11-05,1.1608333333333334
2025-11-06,0.08666666666666667
2025-11-07,0.02
2025-11-08,0.0
2025-11-09,0.05416666666666667
2025-11-10,0.20666666666666667
2025-11-11,0.04
2025-11-12,0.6608333333333333
2025-11-13,0.09083333333333334
2025-11-14,0.021666666666666667
2025-11-15,0.5725
2025-11-16,0.27999999999999997
2025-11-17,0.22416666666666665
2025-11-18,0.005833333333333334
2025-11-19,0.0
2025-11-20,0.0
2025-11-21,0.0
2025-11-22,0.0
2025-11-23,0.0
2025-11-24,0.0
2025-11-25,0.0
2025-11-26,0.035833333333333335
2025-11-27,0.0
2025-11-28,0.0
2025-11-29,0.0
2025-11-30,0.0
2025-12-01,0.13
2025-12-02,0.12666666666666668
2025-12-03,0.01
2025-12-04,0.0
2025-12-05,0.06583333333333334
2025-12-06,0.24583333333333335
2025-12-07,0.005
2025-12-08,0.2125
2025-12-09,0.08583333333333333
2025-12-10,0.09416666666666666
2025-12-11,0.12333333333333334
2025-12-12,0.0
2025-12-13,0.005
2025-12-14,0.08750000000000001
2025-12-15,0.06916666666666667
2025-12-16,0.03833333333333333
2025-12-17,0.3383333333333334
2025-12-18,0.4633333333333334
2025-12-19,0.3233333333333333
2025-12-20,0.049166666666666664
2025-12-21,0.03166666666666667
2025-12-22,0.0
2025-12-23,0.0
2025-12-24,0.018333333333333333
2025-12-25,0.08583333333333333
2025-12-26,0.015
2025-12-27,0.6625
2025-12-28,0.16916666666666666
2025-12-29,0.16333333333333333
2025-12-30,0.03916666666666666
2025-12-31,0.03916666666666666
2026-01-01,0.0
2026-01-02,0.07416666666666667
2026-01-03,0.285
2026-01-04,0.09749999999999999
2026-01-05,0.0
2026-01-06,0.0
2026-01-07,0.01375
2026-01-08,0.10708333333333335
2026-01-09,0.08750000000000001
2026-01-10,0.11208333333333333
2026-01-11,0.4479166666666667
2026-01-12,0.0
2026-01-13,0.012916666666666667
2026-01-14,0.3104166666666667
2026-01-15,0.0
2026-01-16,0.48625
2026-01-17,0.34541666666666665
2026-01-18,0.0
2026-01-19,0.14583333333333334
2026-01-20,0.13541666666666666
2026-01-21,0.004583333333333333
2026-01-22,0.0
2026-01-23,0.004583333333333333
2026-01-24,0.13749999999999998
2026-01-25,0.022083333333333333
2026-01-26,0.3116666666666667
2026-01-27,0.10916666666666668
2026-01-28,0.08583333333333333
2026-01-29,0.40791666666666665
2026-01-30,0.22624999999999998
2026-01-31,0.0775
2026-02-01,0.2733333333333333
2026-02-02,0.33
2026-02-03,0.0
2026-02-04,0.0
2026-02-05,0.0
2026-02-06,0.0
2026-02-07,0.0
2026-02-08,0.043750000000000004
2026-02-09,0.0
2026-02-10,0.0
2026-02-11,0.0
2026-02-12,0.0
2026-02-13,0.0
2026-02-14,0.08541666666666665
2026-02-15,0.01625
2026-02-16,0.0
2026-02-17,0.0
2026-02-18,0.0
2026-02-19,0.0
2026-02-20,0.0
2026-02-21,0.49374999999999997
2026-02-22,0.10875
2026-02-23,0.42333333333333334
2026-02-24,0.04416666666666667
2026-02-25,0.0
2026-02-26,0.0
2026-02-27,0.53625
2026-02-28,0.0
2026-03-01,0.15958333333333333
2026-03-02,0.3466666666666667
2026-03-03,0.007083333333333334
2026-03-04,0.10083333333333333
2026-03-05,0.007083333333333334
2026-03-06,0.0
2026-03-07,0.0
2026-03-08,0.0
2026-03-09,0.0
2026-03-10,0.018333333333333337
2026-03-11,0.0
2026-03-12,0.0
2026-03-13,0.0
2026-03-14,0.0
2026-03-15,0.0
2026-03-16,0.0
2026-03-17,0.0
2026-03-18,0.0
2026-03-19,0.0
2026-03-20,0.0
2026-03-21,0.0
2026-03-22,0.022500000000000003
2026-03-23,0.0
2026-03-24,0.0
2026-03-25,0.19291666666666665
2026-03-26,0.17958333333333334
2026-03-27,0.08875
2026-03-28,0.06874999999999999
2026-03-29,0.6025
2026-03-30,0.4770833333333333
2026-03-31,0.15708333333333332
2026-04-01,0.08750000000000001
2026-04-02,0.4475
2026-04-03,0.11333333333333333
2026-04-04,0.5616666666666666
2026-04-05,0.0016666666666666668
2026-04-06,0.0
2026-04-07,0.0
2026-04-08,0.0
2026-04-09,0.0
2026-04-10,0.0
2026-04-11,0.0
2026-04-12,0.0
2026-04-13,0.0
2026-04-14,0.0
2026-04-15,0.0
2026-04-16,0.03
2026-04-17,0.3575
2026-04-18,0.0016666666666666668
2026-04-19,0.0
2026-04-20,0.0
2026-04-21,0.0
2026-04-22,0.0
2026-04-23,0.0
2026-04-24,0.0
2026-04-25,0.2625
2026-04-26,0.011666666666666667
2026-04-27,0.33916666666666667
2026-04-28,0.5441666666666667
2026-04-29,0.0
2026-04-30,0.20916666666666664
2026-05-01,1.7325
2026-05-02,0.29
2026-05-03,0.6549999999999999
2026-05-04,0.08750000000000001
2026-05-05,0.085
2026-05-06,0.014166666666666666
2026-05-07,0.0
2026-05-08,0.07583333333333334
2026-05-09,0.0
2026-05-10,0.0
2026-05-11,0.0
2026-05-12,0.0
2026-05-13,0.205
2026-05-14,0.5825
2026-05-15,0.8516666666666667
2026-05-16,0.0
2026-05-17,0.01
2026-05-18,0.0
2026-05-19,0.005
2026-05-20,0.2025
2026-05-21,0.02
2026-05-22,0.0
2026-05-23,0.01
2026-05-24,0.019166666666666665
2026-05-25,0.25166666666666665
2026-05-26,0.08083333333333333
2026-05-27,0.0
2026-05-28,0.0
2026-05-29,0.005
2026-05-30,0.005
2026-05-31,0.01
2026-06-01,0.0016666666666666668
2026-06-02,0.0
2026-06-03,0.0
2026-06-04,0.0
2026-06-05,0.0
2026-06-06,0.022500000000000003
2026-06-07,0.09166666666666666
2026-06-08,0.0325
2026-06-09,0.0016666666666666668
2026-06-10,0.0
2026-06-11,0.01
2026-06-12,0.030833333333333334
2026-06-13,0.06083333333333333
2026-06-14,0.14833333333333334
2026-06-15,0.9775
2026-06-16,0.020833333333333332
2026-06-17,0.0
2026-06-18,0.2675
2026-06-19,0.0016666666666666668
2026-06-20,0.03166666666666667
2026-06-21,0.06666666666666667
2026-06-22,0.19000000000000003
2026-06-23,0.0625
2026-06-24,0.0
2026-06-25,0.0
2026-06-26,0.0
2026-06-27,0.020833333333333332
2026-06-28,0.0
2026-06-29,0.0
2026-06-30,0.0
2026-07-01,0.0
2026-07-02,0.0
2026-07-03,0.03
2026-07-04,0.013333333333333334
2026-07-05,0.07666666666666667
2026-07-06,0.0
2026-07-07,0.03833333333333334
2026-07-08,0.022500000000000003
2026-07-09,0.0
2026-07-10,0.0
2026-07-11,0.0
2026-07-12,0.009166666666666667
2026-07-13,0.0
2026-07-14,0.0
2026-07-15,0.0
2026-07-16,0.0
2026-07-17,0.0
2026-07-18,0.16
2026-07-19,0.07166666666666667
2026-07-20,0.0
2026-07-21,0.0
2026-07-22,0.12583333333333335
2026-07-23,0.0525
2026-07-24,0.15166666666666667
2026-07-25,0.051666666666666666
2026-07-26,0.2091666666666667
2026-07-27,0.06166666666666667
2026-07-28,0.11166666666666668
2026-07-29,0.07916666666666668
2026-07-30,0.0
2026-07-31,0.0
2026-08-01,0.10208333333333335
2026-08-02,0.0
2026-08-03,0.0
2026-08-04,0.06666666666666667
2026-08-05,0.0
2026-08-06,0.0
2026-08-07,0.0
2026-08-08,0.014583333333333332
2026-08-09,0.5916666666666667
2026-08-10,0.29791666666666666
2026-08-11,0.0
2026-08-12,0.0
2026-08-13,0.04583333333333334
2026-08-14,0.4770833333333333
2026-08-15,0.04791666666666666
2026-08-16,0.15625
2026-08-17,0.0
2026-08-18,0.0
2026-08-19,0.08958333333333333
2026-08-20,0.0
2026-08-21,0.0
2026-08-22,0.0
2026-08-23,0.3541666666666667
2026-08-24,0.5041666666666667
2026-08-25,0.0
2026-08-26,0.0
2026-08-27,0.0
2026-08-28,0.0
2026-08-29,0.0
2026-08-30,0.0
2026-08-31,0.010416666666666666
2026-09-01,0.12083333333333333
2026-09-02,0.008333333333333333
2026-09-03,0.03125
2026-09-04,0.0
2026-09-05,0.0
2026-09-06,0.035416666666666666
2026-09-07,0.0
2026-09-08,0.0
2026-09-09,0.0
2026-09-10,0.0
2026-09-11,0.0020833333333333333
2026-09-12,0.21041666666666667
2026-09-13,0.6770833333333334
2026-09-14,0.6708333333333333
2026-09-15,0.004166666666666667
2026-09-16,0.15625
2026-09-17,1.2291666666666667
2026-09-18,0.0062499999999999995
2026-09-19,0.05625
2026-09-20,0.004166666666666667
2026-09-21,0.0
2026-09-22,0.38958333333333334
2026-09-23,0.125
2026-09-24,0.0
2026-09-25,0.0
2026-09-26,0.0020833333333333333
2026-09-27,0.0
2026-09-28,0.0
2026-09-29,0.0
2026-09-30,0.0
2026-10-01,0.0
2026-10-02,0.0
2026-10-03,0.04750000000000001
2026-10-04,0.46749999999999997
2026-10-05,0.1575
2026-10-06,0.21833333333333335
2026-10-07,0.029166666666666664
2026-10-08,0.0
2026-10-09,0.0
2026-10-10,0.0
2026-10-11,0.0
2026-10-12,0.0
2026-10-13,0.1325
2026-10-14,0.03666666666666667
2026-10-15,0.10833333333333334
2026-10-16,0.0
2026-10-17,0.0
2026-10-18,0.08333333333333333
2026-10-19,0.0
2026-10-20,0.0
2026-10-21,0.0
2026-10-22,0.049166666666666664
2026-10-23,0.009166666666666667
2026-10-24,0.0
2026-10-25,0.006666666666666667
2026-10-26,0.0
2026-10-27,0.0
2026-10-28,0.48
2026-10-29,0.11
2026-10-30,0.0
2026-10-31,0.0
2026-11-01,0.0
2026-11-02,0.0
2026-11-03,0.01875
2026-11-04,0.0
2026-11-05,0.0
2026-11-06,0.016666666666666666
2026-11-07,0.0
2026-11-08,0.0
2026-11-09,0.0
2026-11-10,0.0
2026-11-11,0.0
2026-11-12,0.0
2026-11-13,0.02291666666666667
2026-11-14,0.016666666666666666
2026-11-15,0.0
2026-11-16,0.0
2026-11-17,0.0062499999999999995
2026-11-18,0.035416666666666666
2026-11-19,0.016666666666666666
2026-11-20,1.6916666666666667
2026-11-21,0.23958333333333334
2026-11-22,0.11458333333333333
2026-11-23,0.03333333333333333
2026-11-24,0.016666666666666666
2026-11-25,0.425
2026-11-26,0.14166666666666666
2026-11-27,0.0
2026-11-28,0.11458333333333333
2026-11-29,0.13541666666666666
2026-11-30,0.0375
2026-12-01,0.056249999999999994
2026-12-02,0.0
2026-12-03,0.0
2026-12-04,0.0
2026-12-05,0.0
2026-12-06,0.0
2026-12-07,0.0
2026-12-08,0.0
2026-12-09,0.25708333333333333
2026-12-10,0.0
2026-12-11,0.0
2026-12-12,0.0
2026-12-13,0.0
2026-12-14,0.0
2026-12-15,0.0
2026-12-16,0.285
2026-12-17,0.0
2026-12-18,0.0
2026-12-19,0.0
2026-12-20,0.0
2026-12-21,0.23583333333333334
2026-12-22,0.0
2026-12-23,0.0
2026-12-24,0.0
2026-12-25,0.0
2026-12-26,0.0
2026-12-27,0.0
2026-12-28,0.0
2026-12-29,0.008749999999999999
2026-12-30,0.0
2026-12-31,0.1708333333333333
2027-01-01,0.0
2027-01-02,0.06874999999999999
2027-01-03,0.0
2027-01-04,0.16708333333333333
2027-01-05,0.048749999999999995
2027-01-06,0.0
2027-01-07,0.022500000000000003
2027-01-08,0.08583333333333333
2027-01-09,0.0
2027-01-10,0.3279166666666667
2027-01-11,0.13791666666666666
2027-01-12,0.22624999999999998
2027-01-13,0.09041666666666666
2027-01-14,0.21458333333333335
2027-01-15,0.07083333333333333
2027-01-16,0.02666666666666666
2027-01-17,0.0
2027-01-18,0.0
2027-01-19,0.0
2027-01-20,0.0
2027-01-21,0.0
2027-01-22,0.0
2027-01-23,0.0
2027-01-24,0.0
2027-01-25,0.0
2027-01-26,0.0
2027-01-27,0.0
2027-01-28,0.0
2027-01-29,0.0
2027-01-30,0.3741666666666667
2027-01-31,0.7087500000000001
2027-02-01,0.12333333333333334
2027-02-02,0.0
2027-02-03,0.24166666666666667
2027-02-04,0.35083333333333333
2027-02-05,0.5650000000000001
2027-02-06,0.165
2027-02-07,0.18166666666666667
2027-02-08,0.041666666666666664
2027-02-09,0.0
2027-02-10,0.08
2027-02-11,0.04750000000000001
2027-02-12,0.0
2027-02-13,0.0
2027-02-14,0.0
2027-02-15,0.0
2027-02-16,0.0
2027-02-17,0.1691666666666667
2027-02-18,0.0
2027-02-19,0.0
2027-02-20,0.07916666666666666
2027-02-21,0.23583333333333334
2027-02-22,0.021666666666666667
2027-02-23,0.05333333333333334
2027-02-24,0.11
2027-02-25,0.0
2027-02-26,0.0
2027-02-27,0.03
2027-02-28,0.9500000000000001
2027-03-01,0.3566666666666667
2027-03-02,0.21583333333333332
2027-03-03,0.0
2027-03-04,0.13833333333333334
2027-03-05,0.29583333333333334
2027-03-06,0.6191666666666666
2027-03-07,0.04750000000000001
2027-03-08,0.1475
2027-03-09,0.6941666666666667
2027-03-10,0.006666666666666667
2027-03-11,0.0
2027-03-12,0.0
2027-03-13,0.0
2027-03-14,0.0
2027-03-15,0.0
2027-03-16,0.0
2027-03-17,0.006666666666666667
2027-03-18,0.4733333333333334
2027-03-19,0.07083333333333333
2027-03-20,0.0
2027-03-21,0.12833333333333333
2027-03-22,0.26416666666666666
2027-03-23,0.04083333333333333
2027-03-24,0.0
2027-03-25,0.0
2027-03-26,0.0
2027-03-27,0.0
2027-03-28,0.0
2027-03-29,0.0
2027-03-30,0.0
2027-03-31,0.0
2027-04-01,0.015833333333333335
2027-04-02,0.028333333333333335
2027-04-03,0.07833333333333332
2027-04-04,0.0
2027-04-05,0.0
2027-04-06,0.0
2027-04-07,0.0
2027-04-08,0.0
2027-04-09,0.0
2027-04-10,0.030833333333333334
2027-04-11,0.0
2027-04-12,0.0
2027-04-13,0.0
2027-04-14,0.0
2027-04-15,0.0016666666666666668
2027-04-16,0.12583333333333332
2027-04-17,0.23916666666666667
2027-04-18,0.006666666666666667
2027-04-19,0.07916666666666668
2027-04-20,0.0
2027-04-21,0.0
2027-04-22,0.0016666666666666668
2027-04-23,0.0
2027-04-24,0.0
2027-04-25,0.8033333333333333
2027-04-26,0.64
2027-04-27,0.3983333333333334
2027-04-28,0.0575
2027-04-29,0.0
2027-04-30,0.0
2027-05-01,0.26416666666666666
2027-05-02,0.0
2027-05-03,0.13999999999999999
2027-05-04,0.10166666666666668
2027-05-05,0.0
2027-05-06,0.4975
2027-05-07,0.385
2027-05-08,0.155
2027-05-09,0.005
2027-05-10,0.0
2027-05-11,0.23500000000000001
2027-05-12,0.10333333333333333
2027-05-13,0.049166666666666664
2027-05-14,0.32249999999999995
2027-05-15,0.009166666666666667
2027-05-16,0.0
2027-05-17,0.0
2027-05-18,0.21583333333333332
2027-05-19,0.6391666666666667
2027-05-20,0.0
2027-05-21,0.0
2027-05-22,0.0
2027-05-23,0.0
2027-05-24,0.0
2027-05-25,0.0
2027-05-26,0.0
2027-05-27,0.0
2027-05-28,0.0
2027-05-29,0.03833333333333334
2027-05-30,0.055833333333333325
2027-05-31,0.0
2027-06-01,0.08416666666666667
2027-06-02,0.13166666666666668
2027-06-03,0.39666666666666667
2027-06-04,0.9483333333333334
2027-06-05,0.16583333333333336
2027-06-06,0.25833333333333336
2027-06-07,0.05416666666666667
2027-06-08,0.0
2027-06-09,0.0033333333333333335
2027-06-10,0.0
2027-06-11,0.0
2027-06-12,0.0
2027-06-13,0.0
2027-06-14,0.0
2027-06-15,0.055
2027-06-16,0.0033333333333333335
2027-06-17,0.0
2027-06-18,0.0
2027-06-19,0.0
2027-06-20,0.0
2027-06-21,0.0016666666666666668
2027-06-22,0.0
2027-06-23,0.0
2027-06-24,0.0
2027-06-25,0.0
2027-06-26,0.10083333333333333
2027-06-27,0.0
2027-06-28,0.18333333333333332
2027-06-29,0.09416666666666666
2027-06-30,0.013333333333333334
2027-07-01,0.07833333333333334
2027-07-02,0.14333333333333334
2027-07-03,0.0
2027-07-04,0.0
2027-07-05,0.0
2027-07-06,0.0
2027-07-07,0.065
2027-07-08,0.07833333333333332
2027-07-09,0.059166666666666666
2027-07-10,0.285
2027-07-11,0.10166666666666667
2027-07-12,0.0375
2027-07-13,0.01
2027-07-14,0.07916666666666668
2027-07-15,0.0
2027-07-16,0.0
2027-07-17,0.0
2027-07-18,0.01
2027-07-19,0.005833333333333334
2027-07-20,0.1125
2027-07-21,0.19833333333333333
2027-07-22,0.09833333333333333
2027-07-23,0.0175
2027-07-24,0.24833333333333332
2027-07-25,0.15916666666666668
2027-07-26,0.08166666666666668
2027-07-27,0.17083333333333336
2027-07-28,0.09666666666666666
2027-07-29,0.0
2027-07-30,0.23750000000000002
2027-07-31,0.08416666666666667
2027-08-01,0.0375
2027-08-02,0.07916666666666666
2027-08-03,0.0020833333333333333
2027-08-04,0.0020833333333333333
2027-08-05,0.0
2027-08-06,0.0
2027-08-07,0.0
2027-08-08,0.4083333333333334
2027-08-09,0.08125
2027-08-10,0.5375
2027-08-11,0.08333333333333333
2027-08-12,0.010416666666666666
2027-08-13,0.0
2027-08-14,0.0
2027-08-15,0.11458333333333333
2027-08-16,0.2625
2027-08-17,0.0
2027-08-18,0.16666666666666666
2027-08-19,0.02291666666666667
2027-08-20,0.0
2027-08-21,0.0
2027-08-22,0.0
2027-08-23,0.0
2027-08-24,0.09583333333333333
2027-08-25,0.0
2027-08-26,0.0
2027-08-27,0.0062499999999999995
2027-08-28,0.0062499999999999995
2027-08-29,0.0
2027-08-30,0.22083333333333333
2027-08-31,0.5375
2027-09-01,0.1325
2027-09-02,0.22
2027-09-03,0.0
2027-09-04,0.0
2027-09-05,0.0
2027-09-06,0.009166666666666668
2027-09-07,0.0
2027-09-08,0.0
2027-09-09,0.165
2027-09-10,0.0
2027-09-11,0.0
2027-09-12,0.07583333333333334
2027-09-13,0.17083333333333336
2027-09-14,0.31083333333333335
2027-09-15,0.0
2027-09-16,0.08583333333333333
2027-09-17,0.13416666666666666
2027-09-18,0.016666666666666666
2027-09-19,0.07583333333333334
2027-09-20,0.0
2027-09-21,0.0
2027-09-22,0.0
2027-09-23,0.0
2027-09-24,0.0
2027-09-25,0.0
2027-09-26,0.04
2027-09-27,0.0
2027-09-28,0.0
2027-09-29,0.0
2027-09-30,0.47500000000000003
2027-10-01,0.0
2027-10-02,0.10708333333333332
2027-10-03,0.5620833333333334
2027-10-04,0.0
2027-10-05,0.30375
2027-10-06,0.07041666666666667
2027-10-07,0.058750000000000004
2027-10-08,0.17375
2027-10-09,0.002916666666666667
2027-10-10,0.0
2027-10-11,0.0
2027-10-12,0.0
2027-10-13,0.0
2027-10-14,0.0
2027-10-15,0.0
2027-10-16,0.0
2027-10-17,0.0
2027-10-18,0.0
2027-10-19,0.0
2027-10-20,0.0
2027-10-21,0.19541666666666666
2027-10-22,0.10333333333333333
2027-10-23,0.17041666666666666
2027-10-24,0.0
2027-10-25,0.0
2027-10-26,0.0
2027-10-27,0.0775
2027-10-28,0.0
2027-10-29,0.24
2027-10-30,0.0
2027-10-31,0.0
2027-11-01,0.0
2027-11-02,0.0
2027-11-03,0.0
2027-11-04,0.030416666666666665
2027-11-05,0.9066666666666666
2027-11-06,0.03958333333333334
2027-11-07,0.08791666666666668
2027-11-08,0.265
2027-11-09,0.015
2027-11-10,0.1691666666666667
2027-11-11,0.43583333333333335
2027-11-12,1.3983333333333334
2027-11-13,0.145
2027-11-14,0.0
2027-11-15,0.0
2027-11-16,0.0
2027-11-17,0.0
2027-11-18,0.01916666666666667
2027-11-19,0.3383333333333333
2027-11-20,0.0
2027-11-21,0.0
2027-11-22,0.0
2027-11-23,0.0
2027-11-24,0.15291666666666667
2027-11-25,1.0129166666666667
2027-11-26,0.025833333333333333
2027-11-27,0.025833333333333333
2027-11-28,0.4683333333333333
2027-11-29,0.13166666666666668
2027-11-30,0.14291666666666666
2027-12-01,0.03166666666666667
2027-12-02,0.0
2027-12-03,0.014166666666666666
2027-12-04,0.04416666666666667
2027-12-05,0.0
2027-12-06,0.0
2027-12-07,0.034999999999999996
2027-12-08,0.48416666666666663
2027-12-09,0.018333333333333333
2027-12-10,0.5633333333333334
2027-12-11,0.7275
2027-12-12,0.0
2027-12-13,0.22083333333333335
2027-12-14,0.7583333333333333
2027-12-15,0.18000000000000002
2027-12-16,0.07583333333333334
2027-12-17,0.0
2027-12-18,0.24166666666666667
2027-12-19,0.07833333333333332
2027-12-20,0.12416666666666666
2027-12-21,0.15166666666666667
2027-12-22,0.11166666666666665
2027-12-23,0.01
2027-12-24,0.005
2027-12-25,0.0
2027-12-26,0.0
2027-12-27,0.2758333333333333
2027-12-28,0.13249999999999998
2027-12-29,0.215
2027-12-30,0.3283333333333333
2027-12-31,0.04
2028-01-01,0.21250000000000002
2028-01-02,0.16666666666666666
2028-01-03,0.5
2028-01-04,1.0625
2028-01-05,0.32916666666666666
2028-01-06,0.2041666666666667
2028-01-07,0.0
2028-01-08,0.0
2028-01-09,0.024999999999999998
2028-01-10,0.0
2028-01-11,0.04583333333333334
2028-01-12,0.0
2028-01-13,0.0
2028-01-14,0.0
2028-01-15,0.19583333333333333
2028-01-16,0.6458333333333334
2028-01-17,0.30833333333333335
2028-01-18,0.4875
2028-01-19,0.3125
2028-01-20,0.5916666666666667
2028-01-21,0.24583333333333335
2028-01-22,1.1083333333333334
2028-01-23,0.0
2028-01-24,0.0
2028-01-25,0.0
2028-01-26,0.21666666666666667
2028-01-27,0.0625
2028-01-28,0.016666666666666666
2028-01-29,0.016666666666666666
2028-01-30,0.008333333333333333
2028-01-31,0.3416666666666666
2028-02-01,0.5458333333333333
2028-02-02,0.0
2028-02-03,0.016666666666666666
2028-02-04,0.016666666666666666
2028-02-05,0.0
2028-02-06,0.024999999999999998
2028-02-07,0.008333333333333333
2028-02-08,0.0375
2028-02-09,0.0
2028-02-10,0.0
2028-02-11,0.2125
2028-02-12,0.10833333333333334
2028-02-13,0.0
2028-02-14,0.0
2028-02-15,0.42083333333333334
2028-02-16,0.18333333333333335
2028-02-17,0.9041666666666667
2028-02-18,0.0
2028-02-19,0.0
2028-02-20,0.0
2028-02-21,0.0
2028-02-22,0.0
2028-02-23,0.0
2028-02-24,0.0
2028-02-25,0.0
2028-02-26,0.0
2028-02-27,0.0
2028-02-28,0.0
2028-02-29,0.0
2028-03-01,0.08666666666666667
2028-03-02,0.13749999999999998
2028-03-03,0.05083333333333334
2028-03-04,0.06083333333333333
2028-03-05,0.0
2028-03-06,0.16666666666666666
2028-03-07,0.03333333333333333
2028-03-08,0.0
2028-03-09,0.0
2028-03-10,0.1758333333333333
2028-03-11,0.33
2028-03-12,0.11166666666666668
2028-03-13,0.3766666666666667
2028-03-14,0.005833333333333334
2028-03-15,0.08833333333333333
2028-03-16,0.025833333333333333
2028-03-17,0.31666666666666665
2028-03-18,0.07416666666666667
2028-03-19,0.0
2028-03-20,0.005833333333333334
2028-03-21,0.0
2028-03-22,0.06833333333333334
2028-03-23,0.021666666666666667
2028-03-24,0.0
2028-03-25,0.0
2028-03-26,0.11166666666666668
2028-03-27,0.09666666666666668
2028-03-28,0.5583333333333333
2028-03-29,0.05666666666666667
2028-03-30,0.11333333333333334
2028-03-31,0.011666666666666667
2028-04-01,0.0625
2028-04-02,0.0
2028-04-03,0.0
2028-04-04,0.1875
2028-04-05,0.0375
2028-04-06,0.0
2028-04-07,0.0
2028-04-08,0.0
2028-04-09,0.008333333333333333
2028-04-10,0.35000000000000003
2028-04-11,0.0
2028-04-12,0.0
2028-04-13,0.14166666666666666
2028-04-14,0.0
2028-04-15,0.0
2028-04-16,0.0
2028-04-17,0.0
2028-04-18,0.0
2028-04-19,0.0
2028-04-20,0.0
2028-04-21,0.0
2028-04-22,0.0
2028-04-23,0.09999999999999999
2028-04-24,0.0
2028-04-25,0.0
2028-04-26,0.025000000000000005
2028-04-27,0.0
2028-04-28,0.09583333333333334
2028-04-29,0.19583333333333333
2028-04-30,0.19166666666666665
2028-05-01,0.0
2028-05-02,0.0
2028-05-03,0.049999999999999996
2028-05-04,0.015
2028-05-05,0.0
2028-05-06,0.0
2028-05-07,0.0
2028-05-08,0.014166666666666666
2028-05-09,0.0
2028-05-10,0.34166666666666673
2028-05-11,0.0
2028-05-12,0.07666666666666667
2028-05-13,0.43166666666666664
2028-05-14,0.425
2028-05-15,0.33416666666666667
2028-05-16,0.49333333333333335
2028-05-17,0.13499999999999998
2028-05-18,0.0
2028-05-19,0.0525
2028-05-20,0.028333333333333332
2028-05-21,0.12333333333333334
2028-05-22,0.09916666666666667
2028-05-23,0.12416666666666666
2028-05-24,0.0
2028-05-25,0.0
2028-05-26,0.017499999999999998
2028-05-27,0.0
2028-05-28,0.045000000000000005
2028-05-29,0.375
2028-05-30,0.12916666666666668
2028-05-31,0.3975
2028-06-01,0.005416666666666667
2028-06-02,0.0
2028-06-03,0.0
2028-06-04,0.26125
2028-06-05,0.13166666666666665
2028-06-06,0.26125
2028-06-07,0.09833333333333333
2028-06-08,0.19874999999999998
2028-06-09,0.11458333333333333
2028-06-10,0.05958333333333334
2028-06-11,0.38125000000000003
2028-06-12,0.01875
2028-06-13,0.009583333333333333
2028-06-14,0.0
2028-06-15,0.0
2028-06-16,0.0
2028-06-17,0.0
2028-06-18,0.0
2028-06-19,0.0
2028-06-20,0.0
2028-06-21,0.0004166666666666667
2028-06-22,0.0
2028-06-23,0.0
2028-06-24,0.0004166666666666667
2028-06-25,0.0
2028-06-26,0.0
2028-06-27,0.0
2028-06-28,0.0
2028-06-29,0.0004166666666666667
2028-06-30,0.0
2028-07-01,0.0
2028-07-02,0.0
2028-07-03,0.057499999999999996
2028-07-04,0.11916666666666666
2028-07-05,0.3329166666666667
2028-07-06,0.33166666666666667
2028-07-07,0.0
2028-07-08,0.0
2028-07-09,0.0
2028-07-10,0.02
2028-07-11,0.0
2028-07-12,0.0
2028-07-13,0.0
2028-07-14,0.0
2028-07-15,0.06874999999999999
2028-07-16,0.024166666666666666
2028-07-17,0.08541666666666665
2028-07-18,0.0
2028-07-19,0.0
2028-07-20,0.13125
2028-07-21,0.11416666666666665
2028-07-22,0.03208333333333333
2028-07-23,0.0
2028-07-24,0.0
2028-07-25,0.0
2028-07-26,0.0
2028-07-27,0.0
2028-07-28,0.09416666666666666
2028-07-29,0.0
2028-07-30,0.0
2028-07-31,0.0
2028-08-01,0.0275
2028-08-02,0.0
2028-08-03,0.0
2028-08-04,0.0
2028-08-05,0.0
2028-08-06,0.0
2028-08-07,0.009583333333333334
2028-08-08,0.009583333333333334
2028-08-09,0.08958333333333333
2028-08-10,0.0
2028-08-11,0.0
2028-08-12,0.0
2028-08-13,0.25958333333333333
2028-08-14,0.00375
2028-08-15,0.0
2028-08-16,0.0
2028-08-17,0.23791666666666667
2028-08-18,0.00125
2028-08-19,0.0
2028-08-20,0.0
2028-08-21,0.0
2028-08-22,0.01375
2028-08-23,0.0025
2028-08-24,0.042083333333333334
2028-08-25,0.12208333333333334
2028-08-26,0.0
2028-08-27,0.009583333333333334
2028-08-28,0.0
2028-08-29,0.007916666666666667
2028-08-30,0.00125
2028-08-31,0.4875
2028-09-01,0.0075
2028-09-02,0.0
2028-09-03,0.0075
2028-09-04,0.0
2028-09-05,0.0
2028-09-06,0.08416666666666667
2028-09-07,0.0
2028-09-08,0.0
2028-09-09,0.0
2028-09-10,0.0
2028-09-11,0.0
2028-09-12,0.0
2028-09-13,0.11416666666666668
2028-09-14,0.0
2028-09-15,0.0033333333333333335
2028-09-16,0.0
2028-09-17,0.0
2028-09-18,0.06416666666666666
2028-09-19,0.0
2028-09-20,0.0
2028-09-21,0.105
2028-09-22,0.015
2028-09-23,0.49833333333333335
2028-09-24,0.0175
2028-09-25,0.0
2028-09-26,0.0
2028-09-27,0.0
2028-09-28,0.0
2028-09-29,0.0
2028-09-30,0.023333333333333334
2028-10-01,0.11750000000000001
2028-10-02,0.0025
2028-10-03,0.059166666666666666
2028-10-04,0.0
2028-10-05,0.0
2028-10-06,0.0
2028-10-07,0.011666666666666667
2028-10-08,0.0
2028-10-09,0.0
2028-10-10,0.0
2028-10-11,0.015
2028-10-12,0.0
2028-10-13,0.0
2028-10-14,0.0
2028-10-15,0.0
2028-10-16,0.0
2028-10-17,0.0
2028-10-18,0.0
2028-10-19,0.0
2028-10-20,0.0
2028-10-21,0.0
2028-10-22,0.0
2028-10-23,0.0
2028-10-24,0.0375
2028-10-25,0.0
2028-10-26,0.0
2028-10-27,0.385
2028-10-28,0.4808333333333334
2028-10-29,0.085
2028-10-30,0.17
2028-10-31,0.0
2028-11-01,0.0625
2028-11-02,0.0
2028-11-03,0.0
2028-11-04,0.0
2028-11-05,0.0
2028-11-06,0.0
2028-11-07,0.12083333333333333
2028-11-08,0.14083333333333334
2028-11-09,0.0
2028-11-10,0.15166666666666667
2028-11-11,0.20833333333333334
2028-11-12,0.06749999999999999
2028-11-13,0.14416666666666667
2028-11-14,0.0
2028-11-15,0.0
2028-11-16,0.0
2028-11-17,0.0
2028-11-18,0.0
2028-11-19,0.023333333333333334
2028-11-20,0.0
2028-11-21,0.015
2028-11-22,0.0
2028-11-23,0.1425
2028-11-24,0.20083333333333334
2028-11-25,0.0
2028-11-26,0.055
2028-11-27,0.20666666666666667
2028-11-28,0.0
2028-11-29,0.0
2028-11-30,0.24416666666666664
2028-12-01,0.04583333333333334
2028-12-02,0.9058333333333334
2028-12-03,0.44333333333333336
2028-12-04,0.15916666666666668
2028-12-05,0.0
2028-12-06,0.2091666666666667
2028-12-07,0.13
2028-12-08,0.1575
2028-12-09,0.5725
2028-12-10,0.07166666666666667
2028-12-11,0.005
2028-12-12,0.0
2028-12-13,0.0
2028-12-14,0.0
2028-12-15,0.0
2028-12-16,0.21083333333333334
2028-12-17,0.009166666666666667
2028-12-18,0.0
2028-12-19,0.22833333333333336
2028-12-20,0.014166666666666666
2028-12-21,0.44333333333333336
2028-12-22,0.16083333333333333
2028-12-23,0.4266666666666667
2028-12-24,0.5425
2028-12-25,0.0
2028-12-26,0.0
2028-12-27,0.0
2028-12-28,0.009166666666666667
2028-12-29,0.0
2028-12-30,0.04
2028-12-31,0.0325
2029-01-01,0.030833333333333334
2029-01-02,0.07833333333333332
2029-01-03,0.0
2029-01-04,0.0
2029-01-05,0.2070833333333333
2029-01-06,0.12333333333333334
2029-01-07,0.004583333333333333
2029-01-08,0.3133333333333333
2029-01-09,0.18291666666666664
2029-01-10,0.04416666666666667
2029-01-11,0.06624999999999999
2029-01-12,0.18416666666666667
2029-01-13,0.7225
2029-01-14,0.28791666666666665
2029-01-15,0.0
2029-01-16,0.0
2029-01-17,0.18499999999999997
2029-01-18,0.008749999999999999
2029-01-19,0.0
2029-01-20,0.0
2029-01-21,0.0
2029-01-22,0.0
2029-01-23,0.004583333333333333
2029-01-24,0.0
2029-01-25,0.0
2029-01-26,0.030416666666666665
2029-01-27,0.22291666666666665
2029-01-28,0.21125000000000002
2029-01-29,0.0
2029-01-30,0.07791666666666666
2029-01-31,0.15958333333333333
2029-02-01,0.3466666666666667
2029-02-02,0.057499999999999996
2029-02-03,0.2783333333333333
2029-02-04,0.0
2029-02-05,0.0
2029-02-06,0.0
2029-02-07,0.1775
2029-02-08,0.0
2029-02-09,0.04416666666666667
2029-02-10,0.41500000000000004
2029-02-11,0.22166666666666668
2029-02-12,0.0
2029-02-13,0.0
2029-02-14,0.0
2029-02-15,0.0
2029-02-16,0.0
2029-02-17,0.0
2029-02-18,0.0
2029-02-19,0.0
2029-02-20,0.0
2029-02-21,0.0
2029-02-22,0.0
2029-02-23,0.0
2029-02-24,0.0
2029-02-25,0.0
2029-02-26,0.0
2029-02-27,0.0
2029-02-28,0.03166666666666667
2029-03-01,0.6375000000000001
2029-03-02,0.0
2029-03-03,0.0
2029-03-04,0.19999999999999998
2029-03-05,0.0
2029-03-06,0.0
2029-03-07,0.28958333333333336
2029-03-08,0.06041666666666667
2029-03-09,0.06666666666666667
2029-03-10,0.35833333333333334
2029-03-11,0.21875
2029-03-12,0.02916666666666667
2029-03-13,0.31875000000000003
2029-03-14,0.8333333333333334
2029-03-15,0.4875
2029-03-16,0.0062499999999999995
2029-03-17,0.11458333333333333
2029-03-18,0.07916666666666666
2029-03-19,0.0062499999999999995
2029-03-20,0.0
2029-03-21,0.0
2029-03-22,0.0
2029-03-23,0.0
2029-03-24,0.0
2029-03-25,0.03333333333333333
2029-03-26,0.0
2029-03-27,0.0
2029-03-28,0.0
2029-03-29,0.0
2029-03-30,0.0
2029-03-31,0.0
2029-04-01,0.0
2029-04-02,0.0
2029-04-03,0.47000000000000003
2029-04-04,0.7050000000000001
2029-04-05,0.0
2029-04-06,0.0
2029-04-07,0.020833333333333332
2029-04-08,0.013333333333333336
2029-04-09,0.009166666666666668
2029-04-10,0.28750000000000003
2029-04-11,0.0
2029-04-12,0.0
2029-04-13,0.005
2029-04-14,0.07
2029-04-15,0.0
2029-04-16,0.10833333333333334
2029-04-17,0.007500000000000001
2029-04-18,0.0
2029-04-19,0.0
2029-04-20,0.0
2029-04-21,0.0
2029-04-22,0.0
2029-04-23,0.0
2029-04-24,0.3516666666666666
2029-04-25,0.09416666666666666
2029-04-26,0.3333333333333333
2029-04-27,0.15416666666666667
2029-04-28,0.12333333333333334
2029-04-29,0.0033333333333333335
2029-04-30,0.0033333333333333335
2029-05-01,0.0
2029-05-02,0.2508333333333333
2029-05-03,0.26166666666666666
2029-05-04,0.3875
2029-05-05,0.024166666666666666
2029-05-06,0.0
2029-05-07,0.0
2029-05-08,0.6925
2029-05-09,0.22083333333333333
2029-05-10,0.07083333333333333
2029-05-11,0.27416666666666667
2029-05-12,0.01
2029-05-13,0.0
2029-05-14,0.0
2029-05-15,0.0
2029-05-16,0.009166666666666667
2029-05-17,0.014166666666666666
2029-05-18,0.027499999999999997
2029-05-19,0.18583333333333332
2029-05-20,0.6166666666666667
2029-05-21,0.30833333333333335
2029-05-22,0.0
2029-05-23,0.0
2029-05-24,0.0
2029-05-25,0.20166666666666666
2029-05-26,0.0
2029-05-27,0.035833333333333335
2029-05-28,0.4608333333333334
2029-05-29,0.04666666666666667
2029-05-30,0.0
2029-05-31,0.0
2029-06-01,0.0
2029-06-02,0.0
2029-06-03,0.051666666666666666
2029-06-04,0.0
2029-06-05,0.1075
2029-06-06,0.10333333333333335
2029-06-07,0.16083333333333336
2029-06-08,0.0
2029-06-09,0.27166666666666667
2029-06-10,0.7741666666666668
2029-06-11,0.6616666666666667
2029-06-12,0.4191666666666667
2029-06-13,0.0
2029-06-14,0.02
2029-06-15,0.2091666666666667
2029-06-16,0.0575
2029-06-17,0.0
2029-06-18,0.0
2029-06-19,0.0825
2029-06-20,0.04750000000000001
2029-06-21,0.006666666666666667
2029-06-22,0.36833333333333335
2029-06-23,0.0
2029-06-24,0.0
2029-06-25,0.0
2029-06-26,0.0
2029-06-27,0.0
2029-06-28,0.0
2029-06-29,0.0
2029-06-30,0.0
2029-07-01,0.41625
2029-07-02,0.011250000000000001
2029-07-03,0.0
2029-07-04,0.0
2029-07-05,0.0
2029-07-06,0.043333333333333335
2029-07-07,0.12458333333333334
2029-07-08,0.12458333333333334
2029-07-09,0.0
2029-07-10,0.0
2029-07-11,0.0
2029-07-12,0.06333333333333334
2029-07-13,0.0
2029-07-14,0.36791666666666667
2029-07-15,0.02666666666666667
2029-07-16,0.0
2029-07-17,0.0
2029-07-18,0.0
2029-07-19,0.0
2029-07-20,0.029583333333333336
2029-07-21,0.15625
2029-07-22,0.0
2029-07-23,0.0
2029-07-24,0.0
2029-07-25,0.0
2029-07-26,0.011250000000000001
2029-07-27,0.20666666666666667
2029-07-28,0.5695833333333333
2029-07-29,0.0
2029-07-30,0.12583333333333332
2029-07-31,0.011250000000000001
2029-08-01,0.0
2029-08-02,0.037500000000000006
2029-08-03,0.0
2029-08-04,0.0
2029-08-05,0.008333333333333333
2029-08-06,0.37916666666666665
2029-08-07,0.7479166666666667
2029-08-08,0.008333333333333333
2029-08-09,0.10208333333333332
2029-08-10,0.2020833333333333
2029-08-11,0.1729166666666667
2029-08-12,0.12708333333333333
2029-08-13,0.0
2029-08-14,0.0
2029-08-15,0.03125
2029-08-16,0.0
2029-08-17,0.0
2029-08-18,0.0375
2029-08-19,0.24166666666666667
2029-08-20,0.2875
2029-08-21,0.0
2029-08-22,0.0
2029-08-23,0.0
2029-08-24,0.0
2029-08-25,0.0
2029-08-26,0.0
2029-08-27,0.0
2029-08-28,0.0
2029-08-29,0.049999999999999996
2029-08-30,0.0
2029-08-31,0.0
2029-09-01,0.0
2029-09-02,0.0
2029-09-03,0.0
2029-09-04,0.0
2029-09-05,0.07166666666666667
2029-09-06,0.005416666666666667
2029-09-07,0.058750000000000004
2029-09-08,0.37083333333333335
2029-09-09,0.0
2029-09-10,0.0
2029-09-11,0.0
2029-09-12,0.0
2029-09-13,0.0
2029-09-14,0.0
2029-09-15,0.0
2029-09-16,0.0
2029-09-17,0.0
2029-09-18,0.0
2029-09-19,0.0
2029-09-20,0.0
2029-09-21,0.0
2029-09-22,0.4270833333333333
2029-09-23,0.30583333333333335
2029-09-24,0.005416666666666667
2029-09-25,0.0325
2029-09-26,0.11125
2029-09-27,0.24291666666666667
2029-09-28,0.010416666666666666
2029-09-29,0.0025
2029-09-30,0.009166666666666667
2029-10-01,0.2233333333333333
2029-10-02,0.1975
2029-10-03,0.0
2029-10-04,0.07583333333333334
2029-10-05,0.245
2029-10-06,0.4991666666666667
2029-10-07,0.035833333333333335
2029-10-08,0.0825
2029-10-09,0.39666666666666667
2029-10-10,0.09166666666666667
2029-10-11,0.0
2029-10-12,0.0
2029-10-13,0.0
2029-10-14,0.0
2029-10-15,0.6891666666666666
2029-10-16,0.0
2029-10-17,0.16416666666666666
2029-10-18,0.2891666666666666
2029-10-19,0.6749999999999999
2029-10-20,0.0075
2029-10-21,0.4466666666666667
2029-10-22,0.0
2029-10-23,0.0
2029-10-24,0.034166666666666665
2029-10-25,0.0
2029-10-26,0.0
2029-10-27,0.0825
2029-10-28,0.13333333333333333
2029-10-29,0.09500000000000001
2029-10-30,0.12416666666666666
2029-10-31,0.010833333333333334
2029-11-01,0.32916666666666666
2029-11-02,0.14833333333333334
2029-11-03,0.34708333333333335
2029-11-04,0.3120833333333333
2029-11-05,0.05625
2029-11-06,0.046250000000000006
2029-11-07,0.04958333333333333
2029-11-08,0.14666666666666667
2029-11-09,0.0
2029-11-10,0.0
2029-11-11,0.050833333333333335
2029-11-12,0.020416666666666666
2029-11-13,0.009583333333333334
2029-11-14,0.0
2029-11-15,0.07458333333333333
2029-11-16,0.09749999999999999
2029-11-17,0.4770833333333333
2029-11-18,0.24250000000000002
2029-11-19,0.0
2029-11-20,0.0
2029-11-21,0.005416666666666667
2029-11-22,0.06708333333333334
2029-11-23,0.0
2029-11-24,0.0
2029-11-25,0.0
2029-11-26,0.005416666666666667
2029-11-27,0.23666666666666666
2029-11-28,0.4025
2029-11-29,0.43041666666666667
2029-11-30,0.0
2029-12-01,0.0
2029-12-02,0.0
2029-12-03,0.0
2029-12-04,0.0
2029-12-05,0.0
2029-12-06,0.0
2029-12-07,0.075
2029-12-08,0.13416666666666668
2029-12-09,0.5141666666666667
2029-12-10,0.021666666666666667
2029-12-11,0.15583333333333332
2029-12-12,0.10666666666666667
2029-12-13,0.6091666666666667
2029-12-14,0.19499999999999998
2029-12-15,0.20666666666666667
2029-12-16,0.0
2029-12-17,0.0
2029-12-18,0.15166666666666667
2029-12-19,0.0
2029-12-20,0.5841666666666666
2029-12-21,0.1925
2029-12-22,0.265
2029-12-23,0.29583333333333334
2029-12-24,0.135
2029-12-25,0.1775
2029-12-26,0.04916666666666667
2029-12-27,0.5833333333333334
2029-12-28,0.0
2029-12-29,0.0
2029-12-30,0.0
2029-12-31,0.0
2030-01-01,0.0
2030-01-02,0.0
2030-01-03,0.03958333333333333
2030-01-04,0.09625
2030-01-05,0.0
2030-01-06,0.0
2030-01-07,0.013333333333333334
2030-01-08,0.03958333333333333
2030-01-09,0.0
2030-01-10,0.06958333333333333
2030-01-11,0.0
2030-01-12,0.0
2030-01-13,0.0
2030-01-14,0.0
2030-01-15,0.0
2030-01-16,0.0
2030-01-17,0.18875
2030-01-18,0.008749999999999999
2030-01-19,0.004583333333333333
2030-01-20,0.0
2030-01-21,0.0
2030-01-22,0.0
2030-01-23,0.0
2030-01-24,0.0
2030-01-25,0.0
2030-01-26,0.02666666666666667
2030-01-27,0.08208333333333333
2030-01-28,0.4633333333333333
2030-01-29,0.26166666666666666
2030-01-30,0.02625
2030-01-31,0.004583333333333333
2030-02-01,0.145
2030-02-02,0.43083333333333335
2030-02-03,0.5316666666666666
2030-02-04,0.5441666666666667
2030-02-05,0.011666666666666667
2030-02-06,0.0
2030-02-07,0.0
2030-02-08,0.0
2030-02-09,0.0
2030-02-10,0.7583333333333333
2030-02-11,0.37083333333333335
2030-02-12,0.03333333333333333
2030-02-13,0.445
2030-02-14,0.08083333333333333
2030-02-15,0.0
2030-02-16,0.005833333333333334
2030-02-17,0.5283333333333333
2030-02-18,0.005833333333333334
2030-02-19,0.22499999999999998
2030-02-20,0.01
2030-02-21,0.02416666666666667
2030-02-22,0.0
2030-02-23,0.03416666666666667
2030-02-24,0.12916666666666668
2030-02-25,0.23500000000000001
2030-02-26,0.29750000000000004
2030-02-27,0.2925
2030-02-28,0.06
2030-03-01,0.07333333333333333
2030-03-02,0.3433333333333333
2030-03-03,0.12
2030-03-04,0.0
2030-03-05,0.8058333333333333
2030-03-06,0.4475
2030-03-07,0.006666666666666667
2030-03-08,0.053333333333333344
2030-03-09,0.4083333333333334
2030-03-10,0.3875
2030-03-11,0.05666666666666667
2030-03-12,0.0
2030-03-13,0.0
2030-03-14,0.0
2030-03-15,0.0
2030-03-16,0.0
2030-03-17,0.0
2030-03-18,0.0
2030-03-19,0.0
2030-03-20,0.08
2030-03-21,0.02
2030-03-22,0.0
2030-03-23,0.0
2030-03-24,0.0
2030-03-25,0.0
2030-03-26,0.0
2030-03-27,0.0
2030-03-28,0.0
2030-03-29,0.18666666666666668
2030-03-30,0.010833333333333334
2030-03-31,0.0
2030-04-01,0.0
2030-04-02,0.0
2030-04-03,0.0
2030-04-04,0.0
2030-04-05,0.0
2030-04-06,0.0
2030-04-07,0.0
2030-04-08,0.0
2030-04-09,0.0
2030-04-10,0.0
2030-04-11,0.0
2030-04-12,0.0
2030-04-13,0.00125
2030-04-14,0.0
2030-04-15,0.0
2030-04-16,0.0
2030-04-17,0.0
2030-04-18,0.0
2030-04-19,0.0
2030-04-20,0.0
2030-04-21,0.0
2030-04-22,0.0
2030-04-23,0.0
2030-04-24,0.0
2030-04-25,0.0
2030-04-26,0.0175
2030-04-27,0.007916666666666667
2030-04-28,0.15458333333333332
2030-04-29,0.08958333333333333
2030-04-30,0.23291666666666666
2030-05-01,0.28250000000000003
2030-05-02,0.29541666666666666
2030-05-03,0.0
2030-05-04,0.005416666666666667
2030-05-05,0.47458333333333336
2030-05-06,0.0
2030-05-07,0.0
2030-05-08,0.0
2030-05-09,0.0
2030-05-10,0.024583333333333336
2030-05-11,0.8216666666666667
2030-05-12,0.0
2030-05-13,0.785
2030-05-14,0.04666666666666667
2030-05-15,0.005416666666666667
2030-05-16,0.0
2030-05-17,0.0
2030-05-18,0.0
2030-05-19,0.0
2030-05-20,0.0
2030-05-21,0.0
2030-05-22,0.0
2030-05-23,0.6495833333333333
2030-05-24,0.009583333333333334
2030-05-25,0.0
2030-05-26,0.0
2030-05-27,0.0
2030-05-28,0.005416666666666667
2030-05-29,0.0
2030-05-30,0.0
2030-05-31,0.0
2030-06-01,0.0
2030-06-02,0.0
2030-06-03,0.10916666666666668
2030-06-04,0.27625
2030-06-05,0.1075
2030-06-06,0.20958333333333334
2030-06-07,0.37166666666666665
2030-06-08,0.17208333333333334
2030-06-09,0.2733333333333334
2030-06-10,0.1975
2030-06-11,0.01
2030-06-12,0.014166666666666668
2030-06-13,0.34041666666666665
2030-06-14,0.21958333333333335
2030-06-15,0.0
2030-06-16,0.15625
2030-06-17,1.3950000000000002
2030-06-18,0.0
2030-06-19,0.02291666666666667
2030-06-20,0.07666666666666666
2030-06-21,0.0
2030-06-22,0.0
2030-06-23,0.0
2030-06-24,0.0
2030-06-25,0.0
2030-06-26,0.07416666666666667
2030-06-27,0.06291666666666666
2030-06-28,0.31375000000000003
2030-06-29,0.05666666666666667
2030-06-30,0.0
2030-07-01,0.03208333333333333
2030-07-02,0.06916666666666667
2030-07-03,0.0
2030-07-04,0.0
2030-07-05,0.0
2030-07-06,0.12625
2030-07-07,0.0
2030-07-08,0.0
2030-07-09,0.0
2030-07-10,0.15208333333333332
2030-07-11,0.24708333333333332
2030-07-12,0.0
2030-07-13,0.0
2030-07-14,0.0
2030-07-15,0.07666666666666666
2030-07-16,0.2658333333333333
2030-07-17,0.10875
2030-07-18,0.0
2030-07-19,0.0
2030-07-20,0.0
2030-07-21,0.0325
2030-07-22,0.0
2030-07-23,0.0
2030-07-24,0.07416666666666666
2030-07-25,0.0
2030-07-26,0.12541666666666665
2030-07-27,0.0
2030-07-28,0.020416666666666666
2030-07-29,0.0
2030-07-30,0.0
2030-07-31,0.012083333333333333
2030-08-01,0.17333333333333334
2030-08-02,0.4358333333333333
2030-08-03,0.3591666666666667
2030-08-04,0.20583333333333334
2030-08-05,0.0
2030-08-06,0.0
2030-08-07,0.0
2030-08-08,0.0
2030-08-09,0.0
2030-08-10,0.0
2030-08-11,0.07166666666666667
2030-08-12,0.021666666666666667
2030-08-13,0.030000000000000002
2030-08-14,0.20333333333333334
2030-08-15,0.0
2030-08-16,0.013333333333333334
2030-08-17,0.03333333333333333
2030-08-18,0.08750000000000001
2030-08-19,0.006666666666666667
2030-08-20,0.0
2030-08-21,0.0425
2030-08-22,0.33749999999999997
2030-08-23,0.0
2030-08-24,0.0
2030-08-25,0.0
2030-08-26,0.0
2030-08-27,0.0
2030-08-28,0.515
2030-08-29,0.0
2030-08-30,0.8591666666666667
2030-08-31,0.11499999999999999
2030-09-01,0.0175
2030-09-02,0.0
2030-09-03,0.0
2030-09-04,0.0
2030-09-05,0.0
2030-09-06,0.0
2030-09-07,0.0
2030-09-08,0.0
2030-09-09,0.0
2030-09-10,0.0
2030-09-11,0.0
2030-09-12,0.0
2030-09-13,0.0
2030-09-14,0.0
2030-09-15,0.0
2030-09-16,0.009583333333333334
2030-09-17,0.0
2030-09-18,0.0
2030-09-19,0.0
2030-09-20,0.0
2030-09-21,0.0
2030-09-22,0.0
2030-09-23,0.03375
2030-09-24,0.13375
2030-09-25,0.18041666666666667
2030-09-26,0.6679166666666667
2030-09-27,0.12041666666666667
2030-09-28,0.07833333333333334
2030-09-29,0.36041666666666666
2030-09-30,0.0
2030-10-01,0.1075
2030-10-02,0.1425
2030-10-03,0.6216666666666667
2030-10-04,0.13583333333333333
2030-10-05,0.20083333333333334
2030-10-06,0.1975
2030-10-07,0.18500000000000003
2030-10-08,0.0
2030-10-09,0.015000000000000001
2030-10-10,0.3383333333333334
2030-10-11,0.06666666666666667
2030-10-12,0.065
2030-10-13,0.0
2030-10-14,0.0
2030-10-15,0.13999999999999999
2030-10-16,0.050833333333333335
2030-10-17,0.010833333333333334
2030-10-18,0.0
2030-10-19,0.0
2030-10-20,0.0
2030-10-21,0.0
2030-10-22,0.09333333333333334
2030-10-23,0.7425
2030-10-24,0.0
2030-10-25,0.023333333333333334
2030-10-26,0.5
2030-10-27,0.0
2030-10-28,0.12
2030-10-29,0.155
2030-10-30,0.0033333333333333335
2030-10-31,0.0
2030-11-01,0.19416666666666668
2030-11-02,0.021666666666666667
2030-11-03,0.2683333333333333
2030-11-04,0.02625
2030-11-05,0.0
2030-11-06,0.0
2030-11-07,0.012916666666666667
2030-11-08,0.05125
2030-11-09,0.0
2030-11-10,0.008749999999999999
2030-11-11,0.008749999999999999
2030-11-12,0.017499999999999998
2030-11-13,0.0
2030-11-14,0.0
2030-11-15,0.26458333333333334
2030-11-16,0.13916666666666666
2030-11-17,0.0
2030-11-18,0.0
2030-11-19,0.12416666666666666
2030-11-20,0.09000000000000001
2030-11-21,0.0
2030-11-22,0.0
2030-11-23,0.0
2030-11-24,0.0
2030-11-25,0.0
2030-11-26,0.0
2030-11-27,0.0
2030-11-28,0.0
2030-11-29,0.0
2030-11-30,0.0
2030-12-01,0.24416666666666667
2030-12-02,0.0
2030-12-03,0.0
2030-12-04,0.38166666666666665
2030-12-05,0.19666666666666666
2030-12-06,0.205
2030-12-07,0.06166666666666667
2030-12-08,0.023333333333333334
2030-12-09,0.23416666666666666
2030-12-10,0.0
2030-12-11,0.19583333333333333
2030-12-12,0.18583333333333332
2030-12-13,0.20083333333333334
2030-12-14,0.0
2030-12-15,0.4458333333333333
2030-12-16,0.0
2030-12-17,0.0
2030-12-18,0.0
2030-12-19,0.0
2030-12-20,0.18000000000000002
2030-12-21,0.24916666666666665
2030-12-22,0.18833333333333332
2030-12-23,0.37333333333333335
2030-12-24,0.47500000000000003
2030-12-25,0.10166666666666667
2030-12-26,0.005
2030-12-27,0.08083333333333333
2030-12-28,0.24166666666666667
2030-12-29,0.14916666666666667
2030-12-30,0.0
2030-12-31,0.11666666666666665
